<?xml version="1.0"?>
<PinMuxDesign xmlns:xsi="http://www.w3.org/2001/XMLSchema-instance" xmlns:xsd="http://www.w3.org/2001/XMLSchema">
  <Chip>i.MX53</Chip>
  <Board>ARD</Board>
  <BoardRevision>Rev. A</BoardRevision>
  <Version>3</Version>
  <Company>Freescale</Company>
  <Contact>Gerry Kwiecinski</Contact>
  <ContactEmail>Gerry.Kwiecinski@Feeescale.com</ContactEmail>
  <Description>SABRE AI (ARD) i.MX53 IOMUX</Description>
  <Peripheral Name="AUDMUX" IsExcluded="false">
    <AltMode Name="ALT3" BallNumber="C3" BallName="DISP0_DAT23" PowerGroup="IPU_LCD" Signal="AUDMUX_AUD4_RXD" Comment="AUD4_SSI_RXD and DISP0_DAT23" IsExcluded="false" />
    <AltMode Name="ALT3" BallNumber="F4" BallName="DISP0_DAT20" PowerGroup="IPU_LCD" Signal="AUDMUX_AUD4_TXC" Comment="AUD4_TXC and DISP0_DAT20" IsExcluded="false" />
    <AltMode Name="ALT3" BallNumber="C1" BallName="DISP0_DAT21" PowerGroup="IPU_LCD" Signal="AUDMUX_AUD4_TXD" Comment="AUD4_TXD and DISP0_DAT21" IsExcluded="false" />
    <AltMode Name="ALT3" BallNumber="E3" BallName="DISP0_DAT22" PowerGroup="IPU_LCD" Signal="AUDMUX_AUD4_TXFS" Comment="AUD4_TXFS and DISP0_DAT22" IsExcluded="false" />
    <AltMode Name="ALT2" BallNumber="D2" BallName="DI0_PIN4" PowerGroup="IPU_LCD" Signal="AUDMUX_AUD6_RXD" Comment="AUD6_RXD and DI0_PIN4" IsExcluded="false" />
    <AltMode Name="ALT2" BallNumber="E4" BallName="DI0_PIN15" PowerGroup="IPU_LCD" Signal="AUDMUX_AUD6_TXC" Comment="AUD6_TXC and DI0_PIN15" IsExcluded="false" />
    <AltMode Name="ALT2" BallNumber="C2" BallName="DI0_PIN3" PowerGroup="IPU_LCD" Signal="AUDMUX_AUD6_TXFS" Comment="AUD6_TXFS and DI0_PIN3" IsExcluded="false" />
  </Peripheral>
  <Peripheral Name="CAMP1" IsExcluded="false">
    <AltMode Name="ALT0" BallNumber="B21" BallName="CKIH1" PowerGroup="CKIH" Signal="CAMP1_CKIH" Comment="" IsExcluded="false" />
  </Peripheral>
  <Peripheral Name="CAMP2" IsExcluded="false">
    <AltMode Name="ALT0" BallNumber="D18" BallName="CKIH2" PowerGroup="CKIH" Signal="CAMP2_CKIH" Comment="" IsExcluded="false" />
  </Peripheral>
  <Peripheral Name="CAN1" IsExcluded="false">
    <AltMode Name="ALT2" BallNumber="D5" BallName="KEY_ROW2" PowerGroup="KEYPAD" Signal="CAN1_RXCAN" Comment="" IsExcluded="false" />
    <AltMode Name="ALT2" BallNumber="C4" BallName="KEY_COL2" PowerGroup="KEYPAD" Signal="CAN1_TXCAN" Comment="" IsExcluded="false" />
  </Peripheral>
  <Peripheral Name="CAN2" IsExcluded="false">
    <AltMode Name="ALT4" BallNumber="K1" BallName="PATA_IORDY" PowerGroup="PATA" Signal="CAN2_RXCAN" Comment="CAN2_RXD and PATA_IORDY" IsExcluded="false" />
    <AltMode Name="ALT4" BallNumber="K2" BallName="PATA_RESET_B" PowerGroup="PATA" Signal="CAN2_TXCAN" Comment="CAN2_TXD and PATA_RESET_B" IsExcluded="false" />
  </Peripheral>
  <Peripheral Name="CCM" IsExcluded="false">
    <AltMode Name="ALT0" BallNumber="C8" BallName="GPIO_0" PowerGroup="GPIO" Signal="CCM_CLKO" Comment="" IsExcluded="false" />
    <AltMode Name="ALT0" BallNumber="W15" BallName="PMIC_STBY_REQ" PowerGroup="SRTC" Signal="CCM_PMIC_VSTBY_REQ" Comment="PMIC_STBY_REQ" IsExcluded="false" />
  </Peripheral>
  <Peripheral Name="ECSPI2" IsExcluded="false">
    <AltMode Name="ALT2" BallNumber="F5" BallName="DISP0_DAT17" PowerGroup="IPU_LCD" Signal="ECSPI2_MISO" Comment="SAT_SPI_IN, eCSPI2_MISO and DISP0_DAT17" IsExcluded="false" />
    <AltMode Name="ALT2" BallNumber="D1" BallName="DISP0_DAT16" PowerGroup="IPU_LCD" Signal="ECSPI2_MOSI" Comment="SAT_SPI_OUT, eCSPI2_MOSI and DISP0_DAT16" IsExcluded="false" />
    <AltMode Name="ALT2" BallNumber="G5" BallName="DISP0_DAT19" PowerGroup="IPU_LCD" Signal="ECSPI2_SCLK" Comment="SAT_CLK, eCSPI2_SCLK and DISP0_DAT19" IsExcluded="false" />
    <AltMode Name="ALT2" BallNumber="G4" BallName="DISP0_DAT18" PowerGroup="IPU_LCD" Signal="ECSPI2_SS0" Comment="SAT_CS, eCSPI2_SS0 and DISP0_DAT18 " IsExcluded="false" />
  </Peripheral>
  <Peripheral Name="EMI" IsExcluded="false">
    <AltMode Name="ALT0" BallNumber="M19" BallName="DRAM_A0" PowerGroup="DRAM" Signal="EMI_DRAM_A[0]" Comment="" IsExcluded="false" />
    <AltMode Name="ALT0" BallNumber="L21" BallName="DRAM_A1" PowerGroup="DRAM" Signal="EMI_DRAM_A[1]" Comment="" IsExcluded="false" />
    <AltMode Name="ALT0" BallNumber="K19" BallName="DRAM_A10" PowerGroup="DRAM" Signal="EMI_DRAM_A[10]" Comment="" IsExcluded="false" />
    <AltMode Name="ALT0" BallNumber="L22" BallName="DRAM_A11" PowerGroup="DRAM" Signal="EMI_DRAM_A[11]" Comment="" IsExcluded="false" />
    <AltMode Name="ALT0" BallNumber="L20" BallName="DRAM_A12" PowerGroup="DRAM" Signal="EMI_DRAM_A[12]" Comment="" IsExcluded="false" />
    <AltMode Name="ALT0" BallNumber="L23" BallName="DRAM_A13" PowerGroup="DRAM" Signal="EMI_DRAM_A[13]" Comment="" IsExcluded="false" />
    <AltMode Name="ALT0" BallNumber="N18" BallName="DRAM_A14" PowerGroup="DRAM" Signal="EMI_DRAM_A[14]" Comment="" IsExcluded="false" />
    <AltMode Name="ALT0" BallNumber="M18" BallName="DRAM_A15" PowerGroup="DRAM" Signal="EMI_DRAM_A[15]" Comment="" IsExcluded="false" />
    <AltMode Name="ALT0" BallNumber="M20" BallName="DRAM_A2" PowerGroup="DRAM" Signal="EMI_DRAM_A[2]" Comment="" IsExcluded="false" />
    <AltMode Name="ALT0" BallNumber="N20" BallName="DRAM_A3" PowerGroup="DRAM" Signal="EMI_DRAM_A[3]" Comment="" IsExcluded="false" />
    <AltMode Name="ALT0" BallNumber="K20" BallName="DRAM_A4" PowerGroup="DRAM" Signal="EMI_DRAM_A[4]" Comment="" IsExcluded="false" />
    <AltMode Name="ALT0" BallNumber="N21" BallName="DRAM_A5" PowerGroup="DRAM" Signal="EMI_DRAM_A[5]" Comment="" IsExcluded="false" />
    <AltMode Name="ALT0" BallNumber="M22" BallName="DRAM_A6" PowerGroup="DRAM" Signal="EMI_DRAM_A[6]" Comment="" IsExcluded="false" />
    <AltMode Name="ALT0" BallNumber="N22" BallName="DRAM_A7" PowerGroup="DRAM" Signal="EMI_DRAM_A[7]" Comment="" IsExcluded="false" />
    <AltMode Name="ALT0" BallNumber="N23" BallName="DRAM_A8" PowerGroup="DRAM" Signal="EMI_DRAM_A[8]" Comment="" IsExcluded="false" />
    <AltMode Name="ALT0" BallNumber="M21" BallName="DRAM_A9" PowerGroup="DRAM" Signal="EMI_DRAM_A[9]" Comment="" IsExcluded="false" />
    <AltMode Name="ALT0" BallNumber="L18" BallName="DRAM_CAS" PowerGroup="DRAM" Signal="EMI_DRAM_CAS" Comment="" IsExcluded="false" />
    <AltMode Name="ALT0" BallNumber="K18" BallName="DRAM_CS0" PowerGroup="DRAM" Signal="EMI_DRAM_CS[0]" Comment="" IsExcluded="false" />
    <AltMode Name="ALT0" BallNumber="H20" BallName="DRAM_D0" PowerGroup="DRAM" Signal="EMI_DRAM_D[0]" Comment="" IsExcluded="false" />
    <AltMode Name="ALT0" BallNumber="G21" BallName="DRAM_D1" PowerGroup="DRAM" Signal="EMI_DRAM_D[1]" Comment="" IsExcluded="false" />
    <AltMode Name="ALT0" BallNumber="E22" BallName="DRAM_D10" PowerGroup="DRAM" Signal="EMI_DRAM_D[10]" Comment="" IsExcluded="false" />
    <AltMode Name="ALT0" BallNumber="D20" BallName="DRAM_D11" PowerGroup="DRAM" Signal="EMI_DRAM_D[11]" Comment="" IsExcluded="false" />
    <AltMode Name="ALT0" BallNumber="E23" BallName="DRAM_D12" PowerGroup="DRAM" Signal="EMI_DRAM_D[12]" Comment="" IsExcluded="false" />
    <AltMode Name="ALT0" BallNumber="C23" BallName="DRAM_D13" PowerGroup="DRAM" Signal="EMI_DRAM_D[13]" Comment="" IsExcluded="false" />
    <AltMode Name="ALT0" BallNumber="F23" BallName="DRAM_D14" PowerGroup="DRAM" Signal="EMI_DRAM_D[14]" Comment="" IsExcluded="false" />
    <AltMode Name="ALT0" BallNumber="C22" BallName="DRAM_D15" PowerGroup="DRAM" Signal="EMI_DRAM_D[15]" Comment="" IsExcluded="false" />
    <AltMode Name="ALT0" BallNumber="U20" BallName="DRAM_D16" PowerGroup="DRAM" Signal="EMI_DRAM_D[16]" Comment="" IsExcluded="false" />
    <AltMode Name="ALT0" BallNumber="T21" BallName="DRAM_D17" PowerGroup="DRAM" Signal="EMI_DRAM_D[17]" Comment="" IsExcluded="false" />
    <AltMode Name="ALT0" BallNumber="U21" BallName="DRAM_D18" PowerGroup="DRAM" Signal="EMI_DRAM_D[18]" Comment="" IsExcluded="false" />
    <AltMode Name="ALT0" BallNumber="R21" BallName="DRAM_D19" PowerGroup="DRAM" Signal="EMI_DRAM_D[19]" Comment="" IsExcluded="false" />
    <AltMode Name="ALT0" BallNumber="J21" BallName="DRAM_D2" PowerGroup="DRAM" Signal="EMI_DRAM_D[2]" Comment="" IsExcluded="false" />
    <AltMode Name="ALT0" BallNumber="U23" BallName="DRAM_D20" PowerGroup="DRAM" Signal="EMI_DRAM_D[20]" Comment="" IsExcluded="false" />
    <AltMode Name="ALT0" BallNumber="R22" BallName="DRAM_D21" PowerGroup="DRAM" Signal="EMI_DRAM_D[21]" Comment="" IsExcluded="false" />
    <AltMode Name="ALT0" BallNumber="U22" BallName="DRAM_D22" PowerGroup="DRAM" Signal="EMI_DRAM_D[22]" Comment="" IsExcluded="false" />
    <AltMode Name="ALT0" BallNumber="R23" BallName="DRAM_D23" PowerGroup="DRAM" Signal="EMI_DRAM_D[23]" Comment="" IsExcluded="false" />
    <AltMode Name="ALT0" BallNumber="Y20" BallName="DRAM_D24" PowerGroup="DRAM" Signal="EMI_DRAM_D[24]" Comment="" IsExcluded="false" />
    <AltMode Name="ALT0" BallNumber="W21" BallName="DRAM_D25" PowerGroup="DRAM" Signal="EMI_DRAM_D[25]" Comment="" IsExcluded="false" />
    <AltMode Name="ALT0" BallNumber="Y21" BallName="DRAM_D26" PowerGroup="DRAM" Signal="EMI_DRAM_D[26]" Comment="" IsExcluded="false" />
    <AltMode Name="ALT0" BallNumber="W22" BallName="DRAM_D27" PowerGroup="DRAM" Signal="EMI_DRAM_D[27]" Comment="" IsExcluded="false" />
    <AltMode Name="ALT0" BallNumber="AA23" BallName="DRAM_D28" PowerGroup="DRAM" Signal="EMI_DRAM_D[28]" Comment="" IsExcluded="false" />
    <AltMode Name="ALT0" BallNumber="V23" BallName="DRAM_D29" PowerGroup="DRAM" Signal="EMI_DRAM_D[29]" Comment="" IsExcluded="false" />
    <AltMode Name="ALT0" BallNumber="G20" BallName="DRAM_D3" PowerGroup="DRAM" Signal="EMI_DRAM_D[3]" Comment="" IsExcluded="false" />
    <AltMode Name="ALT0" BallNumber="AA22" BallName="DRAM_D30" PowerGroup="DRAM" Signal="EMI_DRAM_D[30]" Comment="" IsExcluded="false" />
    <AltMode Name="ALT0" BallNumber="W23" BallName="DRAM_D31" PowerGroup="DRAM" Signal="EMI_DRAM_D[31]" Comment="" IsExcluded="false" />
    <AltMode Name="ALT0" BallNumber="J23" BallName="DRAM_D4" PowerGroup="DRAM" Signal="EMI_DRAM_D[4]" Comment="" IsExcluded="false" />
    <AltMode Name="ALT0" BallNumber="G23" BallName="DRAM_D5" PowerGroup="DRAM" Signal="EMI_DRAM_D[5]" Comment="" IsExcluded="false" />
    <AltMode Name="ALT0" BallNumber="J22" BallName="DRAM_D6" PowerGroup="DRAM" Signal="EMI_DRAM_D[6]" Comment="" IsExcluded="false" />
    <AltMode Name="ALT0" BallNumber="G22" BallName="DRAM_D7" PowerGroup="DRAM" Signal="EMI_DRAM_D[7]" Comment="" IsExcluded="false" />
    <AltMode Name="ALT0" BallNumber="E21" BallName="DRAM_D8" PowerGroup="DRAM" Signal="EMI_DRAM_D[8]" Comment="" IsExcluded="false" />
    <AltMode Name="ALT0" BallNumber="D21" BallName="DRAM_D9" PowerGroup="DRAM" Signal="EMI_DRAM_D[9]" Comment="" IsExcluded="false" />
    <AltMode Name="ALT0" BallNumber="H21" BallName="DRAM_DQM0" PowerGroup="DRAM" Signal="EMI_DRAM_DQM[0]" Comment="" IsExcluded="false" />
    <AltMode Name="ALT0" BallNumber="E20" BallName="DRAM_DQM1" PowerGroup="DRAM" Signal="EMI_DRAM_DQM[1]" Comment="" IsExcluded="false" />
    <AltMode Name="ALT0" BallNumber="T20" BallName="DRAM_DQM2" PowerGroup="DRAM" Signal="EMI_DRAM_DQM[2]" Comment="" IsExcluded="false" />
    <AltMode Name="ALT0" BallNumber="W20" BallName="DRAM_DQM3" PowerGroup="DRAM" Signal="EMI_DRAM_DQM[3]" Comment="" IsExcluded="false" />
    <AltMode Name="ALT0" BallNumber="J18" BallName="DRAM_SDODT0" PowerGroup="DRAM" Signal="EMI_DRAM_ODT[0]" Comment="" IsExcluded="false" />
    <AltMode Name="ALT0" BallNumber="J19" BallName="DRAM_RAS" PowerGroup="DRAM" Signal="EMI_DRAM_RAS" Comment="" IsExcluded="false" />
    <AltMode Name="ALT0" BallNumber="P18" BallName="DRAM_RESET" PowerGroup="DRAM" Signal="EMI_DRAM_RESET" Comment="TP32" IsExcluded="false" />
    <AltMode Name="ALT0" BallNumber="R19" BallName="DRAM_SDBA0" PowerGroup="DRAM" Signal="EMI_DRAM_SDBA[0]" Comment="" IsExcluded="false" />
    <AltMode Name="ALT0" BallNumber="P20" BallName="DRAM_SDBA1" PowerGroup="DRAM" Signal="EMI_DRAM_SDBA[1]" Comment="" IsExcluded="false" />
    <AltMode Name="ALT0" BallNumber="N19" BallName="DRAM_SDBA2" PowerGroup="DRAM" Signal="EMI_DRAM_SDBA[2]" Comment="" IsExcluded="false" />
    <AltMode Name="ALT0" BallNumber="H19" BallName="DRAM_SDCKE0" PowerGroup="DRAM" Signal="EMI_DRAM_SDCKE[0]" Comment="" IsExcluded="false" />
    <AltMode Name="ALT0" BallNumber="K23" BallName="DRAM_SDCLK_0" PowerGroup="DRAM" Signal="EMI_DRAM_SDCLK0" Comment="" IsExcluded="false" />
    <AltMode Name="ALT0" BallNumber="K22" BallName="DRAM_SDCLK_0_B" PowerGroup="DRAM" Signal="EMI_DRAM_SDCLK0_B" Comment="" IsExcluded="false" />
    <AltMode Name="ALT0" BallNumber="P22" BallName="DRAM_SDCLK_1" PowerGroup="DRAM" Signal="EMI_DRAM_SDCLK1" Comment="" IsExcluded="false" />
    <AltMode Name="ALT0" BallNumber="P23" BallName="DRAM_SDCLK_1_B" PowerGroup="DRAM" Signal="EMI_DRAM_SDCLK1_B" Comment="" IsExcluded="false" />
    <AltMode Name="ALT0" BallNumber="H23" BallName="DRAM_SDQS0" PowerGroup="DRAM" Signal="EMI_DRAM_SDQS[0]" Comment="" IsExcluded="false" />
    <AltMode Name="ALT0" BallNumber="D23" BallName="DRAM_SDQS1" PowerGroup="DRAM" Signal="EMI_DRAM_SDQS[1]" Comment="" IsExcluded="false" />
    <AltMode Name="ALT0" BallNumber="T22" BallName="DRAM_SDQS2" PowerGroup="DRAM" Signal="EMI_DRAM_SDQS[2]" Comment="" IsExcluded="false" />
    <AltMode Name="ALT0" BallNumber="Y22" BallName="DRAM_SDQS3" PowerGroup="DRAM" Signal="EMI_DRAM_SDQS[3]" Comment="" IsExcluded="false" />
    <AltMode Name="ALT0" BallNumber="H22" BallName="DRAM_SDQS0_B" PowerGroup="DRAM" Signal="EMI_DRAM_SDQS_B[0]" Comment="" IsExcluded="false" />
    <AltMode Name="ALT0" BallNumber="D22" BallName="DRAM_SDQS1_B" PowerGroup="DRAM" Signal="EMI_DRAM_SDQS_B[1]" Comment="" IsExcluded="false" />
    <AltMode Name="ALT0" BallNumber="T23" BallName="DRAM_SDQS2_B" PowerGroup="DRAM" Signal="EMI_DRAM_SDQS_B[2]" Comment="" IsExcluded="false" />
    <AltMode Name="ALT0" BallNumber="Y23" BallName="DRAM_SDQS3_B" PowerGroup="DRAM" Signal="EMI_DRAM_SDQS_B[3]" Comment="" IsExcluded="false" />
    <AltMode Name="ALT0" BallNumber="L19" BallName="DRAM_SDWE" PowerGroup="DRAM" Signal="EMI_DRAM_SDWE" Comment="" IsExcluded="false" />
    <AltMode Name="ALT0" BallNumber="Y8" BallName="EIM_DA0" PowerGroup="WEIM_MAIN" Signal="EMI_NAND_WEIM_DA[0]" Comment="NANDF_D0 and EIM_DA0" IsExcluded="false" />
    <AltMode Name="ALT0" BallNumber="AC4" BallName="EIM_DA1" PowerGroup="WEIM_MAIN" Signal="EMI_NAND_WEIM_DA[1]" Comment="NANDF_D1 and EIM_DA1" IsExcluded="false" />
    <AltMode Name="ALT0" BallNumber="AB7" BallName="EIM_DA10" PowerGroup="WEIM_MAIN" Signal="EMI_NAND_WEIM_DA[10]" Comment="" IsExcluded="false" />
    <AltMode Name="ALT0" BallNumber="AC6" BallName="EIM_DA11" PowerGroup="WEIM_MAIN" Signal="EMI_NAND_WEIM_DA[11]" Comment="" IsExcluded="false" />
    <AltMode Name="ALT0" BallNumber="V10" BallName="EIM_DA12" PowerGroup="WEIM_MAIN" Signal="EMI_NAND_WEIM_DA[12]" Comment="" IsExcluded="false" />
    <AltMode Name="ALT0" BallNumber="AC7" BallName="EIM_DA13" PowerGroup="WEIM_MAIN" Signal="EMI_NAND_WEIM_DA[13]" Comment="" IsExcluded="false" />
    <AltMode Name="ALT0" BallNumber="Y10" BallName="EIM_DA14" PowerGroup="WEIM_MAIN" Signal="EMI_NAND_WEIM_DA[14]" Comment="" IsExcluded="false" />
    <AltMode Name="ALT0" BallNumber="AA9" BallName="EIM_DA15" PowerGroup="WEIM_MAIN" Signal="EMI_NAND_WEIM_DA[15]" Comment="" IsExcluded="false" />
    <AltMode Name="ALT0" BallNumber="AA7" BallName="EIM_DA2" PowerGroup="WEIM_MAIN" Signal="EMI_NAND_WEIM_DA[2]" Comment="NANDF_D2 and EIM_DA2" IsExcluded="false" />
    <AltMode Name="ALT0" BallNumber="W9" BallName="EIM_DA3" PowerGroup="WEIM_MAIN" Signal="EMI_NAND_WEIM_DA[3]" Comment="NANDF_D3 and EIM_DA3" IsExcluded="false" />
    <AltMode Name="ALT0" BallNumber="AB6" BallName="EIM_DA4" PowerGroup="WEIM_MAIN" Signal="EMI_NAND_WEIM_DA[4]" Comment="NANDF_D4 and EIM_DA4" IsExcluded="false" />
    <AltMode Name="ALT0" BallNumber="V9" BallName="EIM_DA5" PowerGroup="WEIM_MAIN" Signal="EMI_NAND_WEIM_DA[5]" Comment="NANDF_D5 and EIM_DA5" IsExcluded="false" />
    <AltMode Name="ALT0" BallNumber="Y9" BallName="EIM_DA6" PowerGroup="WEIM_MAIN" Signal="EMI_NAND_WEIM_DA[6]" Comment="NANDF_D6 and EIM_DA6" IsExcluded="false" />
    <AltMode Name="ALT0" BallNumber="AC5" BallName="EIM_DA7" PowerGroup="WEIM_MAIN" Signal="EMI_NAND_WEIM_DA[7]" Comment="NANDF_D7 and EIM_DA7" IsExcluded="false" />
    <AltMode Name="ALT0" BallNumber="AA8" BallName="EIM_DA8" PowerGroup="WEIM_MAIN" Signal="EMI_NAND_WEIM_DA[8]" Comment="" IsExcluded="false" />
    <AltMode Name="ALT0" BallNumber="W10" BallName="EIM_DA9" PowerGroup="WEIM_MAIN" Signal="EMI_NAND_WEIM_DA[9]" Comment="" IsExcluded="false" />
    <AltMode Name="ALT0" BallNumber="Y11" BallName="NANDF_ALE" PowerGroup="NANDF" Signal="EMI_NANDF_ALE" Comment="NANDF_ALE" IsExcluded="false" />
    <AltMode Name="ALT0" BallNumber="AA10" BallName="NANDF_CLE" PowerGroup="NANDF" Signal="EMI_NANDF_CLE" Comment="NANDF_CLE" IsExcluded="false" />
    <AltMode Name="ALT0" BallNumber="W12" BallName="NANDF_CS0" PowerGroup="NANDF" Signal="EMI_NANDF_CS[0]" Comment="NANDF_CS0" IsExcluded="false" />
    <AltMode Name="ALT0" BallNumber="V13" BallName="NANDF_CS1" PowerGroup="NANDF" Signal="EMI_NANDF_CS[1]" Comment="NANDF_CS1" IsExcluded="false" />
    <AltMode Name="ALT0" BallNumber="U11" BallName="NANDF_RB0" PowerGroup="NANDF" Signal="EMI_NANDF_RB[0]" Comment="NANDF_RB0" IsExcluded="false" />
    <AltMode Name="ALT0" BallNumber="AC8" BallName="NANDF_RE_B" PowerGroup="WEIM_MAIN" Signal="EMI_NANDF_RE_B" Comment="NANDF_RE_B" IsExcluded="false" />
    <AltMode Name="ALT0" BallNumber="AB8" BallName="NANDF_WE_B" PowerGroup="WEIM_MAIN" Signal="EMI_NANDF_WE_B" Comment="NANDF_WE_B" IsExcluded="false" />
    <AltMode Name="ALT0" BallNumber="AC9" BallName="NANDF_WP_B" PowerGroup="NANDF" Signal="EMI_NANDF_WP_B" Comment="NANDF_WP_B" IsExcluded="false" />
    <AltMode Name="ALT0" BallNumber="AA5" BallName="EIM_A16" PowerGroup="WEIM_MAIN" Signal="EMI_WEIM_A[16]" Comment="" IsExcluded="false" />
    <AltMode Name="ALT0" BallNumber="V7" BallName="EIM_A17" PowerGroup="WEIM_MAIN" Signal="EMI_WEIM_A[17]" Comment="" IsExcluded="false" />
    <AltMode Name="ALT0" BallNumber="AB3" BallName="EIM_A18" PowerGroup="WEIM_MAIN" Signal="EMI_WEIM_A[18]" Comment="" IsExcluded="false" />
    <AltMode Name="ALT0" BallNumber="W7" BallName="EIM_A19" PowerGroup="WEIM_MAIN" Signal="EMI_WEIM_A[19]" Comment="" IsExcluded="false" />
    <AltMode Name="ALT0" BallNumber="Y6" BallName="EIM_A20" PowerGroup="WEIM_MAIN" Signal="EMI_WEIM_A[20]" Comment="" IsExcluded="false" />
    <AltMode Name="ALT0" BallNumber="AA4" BallName="EIM_A21" PowerGroup="WEIM_MAIN" Signal="EMI_WEIM_A[21]" Comment="" IsExcluded="false" />
    <AltMode Name="ALT0" BallNumber="AA3" BallName="EIM_A22" PowerGroup="WEIM_MAIN" Signal="EMI_WEIM_A[22]" Comment="" IsExcluded="false" />
    <AltMode Name="ALT0" BallNumber="V6" BallName="EIM_A23" PowerGroup="WEIM_MAIN" Signal="EMI_WEIM_A[23]" Comment="" IsExcluded="false" />
    <AltMode Name="ALT0" BallNumber="W11" BallName="EIM_BCLK" PowerGroup="WEIM_MAIN" Signal="EMI_WEIM_BCLK" Comment="EIM_BCLK" IsExcluded="false" />
    <AltMode Name="ALT0" BallNumber="W8" BallName="EIM_CS0" PowerGroup="WEIM_MAIN" Signal="EMI_WEIM_CS[0]" Comment="NOR_CE_B and EIM_CS0" IsExcluded="false" />
    <AltMode Name="ALT0" BallNumber="Y7" BallName="EIM_CS1" PowerGroup="WEIM_MAIN" Signal="EMI_WEIM_CS[1]" Comment="EIM_CS1_B" IsExcluded="false" />
    <AltMode Name="ALT0" BallNumber="U6" BallName="EIM_D16" PowerGroup="WEIM_SEC" Signal="EMI_WEIM_D[16]" Comment="eCSPI1_SCLK and EIM_D16" IsExcluded="false" />
    <AltMode Name="ALT0" BallNumber="U5" BallName="EIM_D17" PowerGroup="WEIM_SEC" Signal="EMI_WEIM_D[17]" Comment="eCSPI1_MISO and EIM_D17" IsExcluded="false" />
    <AltMode Name="ALT0" BallNumber="V1" BallName="EIM_D18" PowerGroup="WEIM_SEC" Signal="EMI_WEIM_D[18]" Comment="eCSPI1_MOSI and EIM_D18" IsExcluded="false" />
    <AltMode Name="ALT0" BallNumber="V2" BallName="EIM_D19" PowerGroup="WEIM_SEC" Signal="EMI_WEIM_D[19]" Comment="eCSPI1_CS_B and EIM_D19" IsExcluded="false" />
    <AltMode Name="ALT0" BallNumber="W1" BallName="EIM_D20" PowerGroup="WEIM_SEC" Signal="EMI_WEIM_D[20]" Comment="" IsExcluded="false" />
    <AltMode Name="ALT0" BallNumber="V3" BallName="EIM_D21" PowerGroup="WEIM_SEC" Signal="EMI_WEIM_D[21]" Comment="" IsExcluded="false" />
    <AltMode Name="ALT0" BallNumber="W2" BallName="EIM_D22" PowerGroup="WEIM_SEC" Signal="EMI_WEIM_D[22]" Comment="" IsExcluded="false" />
    <AltMode Name="ALT0" BallNumber="Y1" BallName="EIM_D23" PowerGroup="WEIM_SEC" Signal="EMI_WEIM_D[23]" Comment="" IsExcluded="false" />
    <AltMode Name="ALT0" BallNumber="Y2" BallName="EIM_D24" PowerGroup="WEIM_SEC" Signal="EMI_WEIM_D[24]" Comment="" IsExcluded="false" />
    <AltMode Name="ALT0" BallNumber="W3" BallName="EIM_D25" PowerGroup="WEIM_SEC" Signal="EMI_WEIM_D[25]" Comment="" IsExcluded="false" />
    <AltMode Name="ALT0" BallNumber="V5" BallName="EIM_D26" PowerGroup="WEIM_SEC" Signal="EMI_WEIM_D[26]" Comment="" IsExcluded="false" />
    <AltMode Name="ALT0" BallNumber="V4" BallName="EIM_D27" PowerGroup="WEIM_SEC" Signal="EMI_WEIM_D[27]" Comment="" IsExcluded="false" />
    <AltMode Name="ALT0" BallNumber="AA1" BallName="EIM_D28" PowerGroup="WEIM_SEC" Signal="EMI_WEIM_D[28]" Comment="" IsExcluded="false" />
    <AltMode Name="ALT0" BallNumber="AA2" BallName="EIM_D29" PowerGroup="WEIM_SEC" Signal="EMI_WEIM_D[29]" Comment="" IsExcluded="false" />
    <AltMode Name="ALT0" BallNumber="W4" BallName="EIM_D30" PowerGroup="WEIM_SEC" Signal="EMI_WEIM_D[30]" Comment="" IsExcluded="false" />
    <AltMode Name="ALT0" BallNumber="W5" BallName="EIM_D31" PowerGroup="WEIM_SEC" Signal="EMI_WEIM_D[31]" Comment="" IsExcluded="false" />
    <AltMode Name="ALT0" BallNumber="AC3" BallName="EIM_EB0" PowerGroup="WEIM_MAIN" Signal="EMI_WEIM_EB[0]" Comment="EIM_EB0" IsExcluded="false" />
    <AltMode Name="ALT0" BallNumber="AB5" BallName="EIM_EB1" PowerGroup="WEIM_MAIN" Signal="EMI_WEIM_EB[1]" Comment="EIM_EB1" IsExcluded="false" />
    <AltMode Name="ALT0" BallNumber="AA6" BallName="EIM_LBA" PowerGroup="WEIM_MAIN" Signal="EMI_WEIM_LBA" Comment="EIM_LBA" IsExcluded="false" />
    <AltMode Name="ALT0" BallNumber="V8" BallName="EIM_OE" PowerGroup="WEIM_MAIN" Signal="EMI_WEIM_OE" Comment="MX53_EIM_OE_B" IsExcluded="false" />
    <AltMode Name="ALT0" BallNumber="AB4" BallName="EIM_RW" PowerGroup="WEIM_MAIN" Signal="EMI_WEIM_RW" Comment="MX53_EIM_RW_B" IsExcluded="false" />
    <AltMode Name="ALT0" BallNumber="AB9" BallName="EIM_WAIT" PowerGroup="WEIM_MAIN" Signal="EMI_WEIM_WAIT" Comment="NOR_STS_RDY/BUSY_B and EIM_WAIT" IsExcluded="false" />
  </Peripheral>
  <Peripheral Name="ESAI1" IsExcluded="false">
    <AltMode Name="ALT2" BallNumber="E12" BallName="FEC_REF_CLK" PowerGroup="FEC" Signal="ESAI1_FSR" Comment="FEC_REF_CLK" IsExcluded="false" />
    <AltMode Name="ALT2" BallNumber="E11" BallName="FEC_RXD1" PowerGroup="FEC" Signal="ESAI1_FST" Comment="FEC_RXD1" IsExcluded="false" />
    <AltMode Name="ALT2" BallNumber="C11" BallName="FEC_RXD0" PowerGroup="FEC" Signal="ESAI1_HCKT" Comment="FEC_RXD0" IsExcluded="false" />
    <AltMode Name="ALT2" BallNumber="D12" BallName="FEC_MDIO" PowerGroup="FEC" Signal="ESAI1_SCKR" Comment="FEC_MDIO" IsExcluded="false" />
    <AltMode Name="ALT2" BallNumber="D11" BallName="FEC_CRS_DV" PowerGroup="FEC" Signal="ESAI1_SCKT" Comment="FEC_CRS_DV" IsExcluded="false" />
    <AltMode Name="ALT3" BallNumber="V14" BallName="NANDF_CS2" PowerGroup="NANDF" Signal="ESAI1_TX0" Comment="" IsExcluded="false" />
    <AltMode Name="ALT3" BallNumber="W13" BallName="NANDF_CS3" PowerGroup="NANDF" Signal="ESAI1_TX1" Comment="" IsExcluded="false" />
    <AltMode Name="ALT0" BallNumber="A5" BallName="GPIO_5" PowerGroup="GPIO" Signal="ESAI1_TX2_RX3" Comment="" IsExcluded="false" />
    <AltMode Name="ALT2" BallNumber="C10" BallName="FEC_TX_EN" PowerGroup="FEC" Signal="ESAI1_TX3_RX2" Comment="REC_TX_EN" IsExcluded="false" />
    <AltMode Name="ALT2" BallNumber="F10" BallName="FEC_TXD0" PowerGroup="FEC" Signal="ESAI1_TX4_RX1" Comment="FEC_TXD0" IsExcluded="false" />
    <AltMode Name="ALT0" BallNumber="B5" BallName="GPIO_8" PowerGroup="GPIO" Signal="ESAI1_TX5_RX0" Comment="" IsExcluded="false" />
  </Peripheral>
  <Peripheral Name="ESDHC1" IsExcluded="false">
    <AltMode Name="ALT6" BallNumber="B7" BallName="GPIO_1" PowerGroup="GPIO" Signal="ESDHC1_CD" Comment="SD1_CD and GPIO_1" IsExcluded="false" />
    <AltMode Name="ALT0" BallNumber="E16" BallName="SD1_CLK" PowerGroup="SD1" Signal="ESDHC1_CLK" Comment="SD1_CLK" IsExcluded="false" />
    <AltMode Name="ALT0" BallNumber="F18" BallName="SD1_CMD" PowerGroup="SD1" Signal="ESDHC1_CMD" Comment="SD1_CMD" IsExcluded="false" />
    <AltMode Name="ALT0" BallNumber="A20" BallName="SD1_DATA0" PowerGroup="SD1" Signal="ESDHC1_DAT0" Comment="SD1_DATA0" IsExcluded="false" />
    <AltMode Name="ALT0" BallNumber="C17" BallName="SD1_DATA1" PowerGroup="SD1" Signal="ESDHC1_DAT1" Comment="SD1_DATA1" IsExcluded="false" />
    <AltMode Name="ALT0" BallNumber="F17" BallName="SD1_DATA2" PowerGroup="SD1" Signal="ESDHC1_DAT2" Comment="SD1_DATA2" IsExcluded="false" />
    <AltMode Name="ALT0" BallNumber="F16" BallName="SD1_DATA3" PowerGroup="SD1" Signal="ESDHC1_DAT3" Comment="SD1_DATA3" IsExcluded="false" />
    <AltMode Name="ALT2" BallNumber="N2" BallName="PATA_DATA8" PowerGroup="PATA" Signal="ESDHC1_DAT4" Comment="SD1_DATA4 and PATA_DATA8" IsExcluded="false" />
    <AltMode Name="ALT2" BallNumber="N3" BallName="PATA_DATA9" PowerGroup="PATA" Signal="ESDHC1_DAT5" Comment="SD1_DATA5 and PATA_DATA9" IsExcluded="false" />
    <AltMode Name="ALT2" BallNumber="N4" BallName="PATA_DATA10" PowerGroup="PATA" Signal="ESDHC1_DAT6" Comment="SD1_DATA6 and PATA_DATA10" IsExcluded="false" />
    <AltMode Name="ALT2" BallNumber="M6" BallName="PATA_DATA11" PowerGroup="PATA" Signal="ESDHC1_DAT7" Comment="SD1_DATA7 and PATA_DATA11" IsExcluded="false" />
    <AltMode Name="ALT6" BallNumber="D7" BallName="GPIO_18" PowerGroup="GPIO" Signal="ESDHC1_LCTL" Comment="GPIO_18" IsExcluded="false" />
  </Peripheral>
  <Peripheral Name="ESDHC2" IsExcluded="false">
    <AltMode Name="ALT6" BallNumber="D8" BallName="GPIO_4" PowerGroup="GPIO" Signal="ESDHC2_CD" Comment="SD2_CD and GPIO_4" IsExcluded="false" />
    <AltMode Name="ALT0" BallNumber="E14" BallName="SD2_CLK" PowerGroup="SD2" Signal="ESDHC2_CLK" Comment="SD2_CLK" IsExcluded="false" />
    <AltMode Name="ALT0" BallNumber="C15" BallName="SD2_CMD" PowerGroup="SD2" Signal="ESDHC2_CMD" Comment="SD2_CMD" IsExcluded="false" />
    <AltMode Name="ALT0" BallNumber="D13" BallName="SD2_DATA0" PowerGroup="SD2" Signal="ESDHC2_DAT0" Comment="SD2_DATA0" IsExcluded="false" />
    <AltMode Name="ALT0" BallNumber="C14" BallName="SD2_DATA1" PowerGroup="SD2" Signal="ESDHC2_DAT1" Comment="SD2_DATA1" IsExcluded="false" />
    <AltMode Name="ALT0" BallNumber="D14" BallName="SD2_DATA2" PowerGroup="SD2" Signal="ESDHC2_DAT2" Comment="SD2_DATA2" IsExcluded="false" />
    <AltMode Name="ALT0" BallNumber="E13" BallName="SD2_DATA3" PowerGroup="SD2" Signal="ESDHC2_DAT3" Comment="SD2_DATA3" IsExcluded="false" />
    <AltMode Name="ALT2" BallNumber="N5" BallName="PATA_DATA12" PowerGroup="PATA" Signal="ESDHC2_DAT4" Comment="SD2_DATA4 and PATA_DATA12" IsExcluded="false" />
    <AltMode Name="ALT2" BallNumber="N6" BallName="PATA_DATA13" PowerGroup="PATA" Signal="ESDHC2_DAT5" Comment="SD2_DATA5 and PATA_DATA13" IsExcluded="false" />
    <AltMode Name="ALT2" BallNumber="P6" BallName="PATA_DATA14" PowerGroup="PATA" Signal="ESDHC2_DAT6" Comment="SD2_DATA6 and PATA_DATA14" IsExcluded="false" />
    <AltMode Name="ALT2" BallNumber="P5" BallName="PATA_DATA15" PowerGroup="PATA" Signal="ESDHC2_DAT7" Comment="SD2_DATA7 and PATA_DATA15" IsExcluded="false" />
  </Peripheral>
  <Peripheral Name="FEC" IsExcluded="false">
    <AltMode Name="ALT0" BallNumber="F12" BallName="FEC_RX_ER" PowerGroup="FEC" Signal="FEC_RX_ER" Comment="PMIC_RDY" IsExcluded="false" />
  </Peripheral>
  <Peripheral Name="GPIO1" IsExcluded="false">
    <AltMode Name="ALT1" BallNumber="C7" BallName="GPIO_2" PowerGroup="GPIO" Signal="GPIO1_GPIO[2]" Comment="SD2_WP, GPIO_2" IsExcluded="false" />
    <AltMode Name="ALT1" BallNumber="A4" BallName="GPIO_7" PowerGroup="GPIO" Signal="GPIO1_GPIO[7]" Comment="VIDEO_ADC_INT_B, GPIO_7" IsExcluded="false" />
    <AltMode Name="ALT1" BallNumber="E8" BallName="GPIO_9" PowerGroup="GPIO" Signal="GPIO1_GPIO[9]" Comment="SD1_WP, GPIO_9" IsExcluded="false" />
  </Peripheral>
  <Peripheral Name="GPIO2" IsExcluded="false">
    <AltMode Name="ALT1" BallNumber="Y4" BallName="EIM_EB3" PowerGroup="WEIM_SEC" Signal="GPIO2_GPIO[31]" Comment="ETHERNET_INT_B and EIM_EB3" IsExcluded="false" />
  </Peripheral>
  <Peripheral Name="GPIO4" IsExcluded="false">
    <AltMode Name="ALT0" BallNumber="W16" BallName="GPIO_10" PowerGroup="TVDAC" Signal="GPIO4_GPIO[0]" Comment="SATELLITE_REQ, GPIO_10" IsExcluded="false" />
    <AltMode Name="ALT0" BallNumber="V17" BallName="GPIO_11" PowerGroup="TVDAC" Signal="GPIO4_GPIO[1]" Comment="USB_HOST1_OC, GPIO_11" IsExcluded="false" />
    <AltMode Name="ALT1" BallNumber="E5" BallName="KEY_COL4" PowerGroup="KEYPAD" Signal="GPIO4_GPIO[14]" Comment="USB_H2_PHY_RST_B and KEY_COL4" IsExcluded="false" />
    <AltMode Name="ALT1" BallNumber="E6" BallName="KEY_ROW4" PowerGroup="KEYPAD" Signal="GPIO4_GPIO[15]" Comment="CAN_STBY and KEY_ROW4" IsExcluded="false" />
    <AltMode Name="ALT1" BallNumber="D3" BallName="DI0_PIN2" PowerGroup="IPU_LCD" Signal="GPIO4_GPIO[18]" Comment="DIO_PIN2, routed to finger as spare" IsExcluded="false" />
    <AltMode Name="ALT0" BallNumber="W17" BallName="GPIO_12" PowerGroup="TVDAC" Signal="GPIO4_GPIO[2]" Comment="USB_HOST2_OC, GPIO_12" IsExcluded="false" />
    <AltMode Name="ALT0" BallNumber="AA18" BallName="GPIO_13" PowerGroup="TVDAC" Signal="GPIO4_GPIO[3]" Comment="USB_H1_PWR, GPIO_13" IsExcluded="false" />
    <AltMode Name="ALT0" BallNumber="W18" BallName="GPIO_14" PowerGroup="TVDAC" Signal="GPIO4_GPIO[4]" Comment="USER_LED, GPIO_14" IsExcluded="false" />
    <AltMode Name="ALT1" BallNumber="B4" BallName="GPIO_19" PowerGroup="KEYPAD" Signal="GPIO4_GPIO[5]" Comment="FPGA_INT_B, GPIO_19" IsExcluded="false" />
  </Peripheral>
  <Peripheral Name="GPIO5" IsExcluded="false">
    <AltMode Name="ALT1" BallNumber="W6" BallName="EIM_A25" PowerGroup="WEIM_SEC" Signal="GPIO5_GPIO[2]" Comment="USB_OTG_PWR and EIM_A25" IsExcluded="false" />
    <AltMode Name="ALT1" BallNumber="P3" BallName="CSI0_DATA_EN" PowerGroup="IPU_CSI" Signal="GPIO5_GPIO[20]" Comment="TP29 and CSI0_DATA_EN" IsExcluded="false" />
    <AltMode Name="ALT1" BallNumber="Y5" BallName="EIM_A24" PowerGroup="WEIM_MAIN" Signal="GPIO5_GPIO[4]" Comment="USB_OTG_OC and EIM_A24" IsExcluded="false" />
    <AltMode Name="ALT1" BallNumber="E1" BallName="DISP0_DAT13" PowerGroup="IPU_LCD" Signal="GPIO5_GPIO[7]" Comment="PMIC_INT_B and DISP0_DAT13" IsExcluded="false" />
    <AltMode Name="ALT1" BallNumber="F2" BallName="DISP0_DAT14" PowerGroup="IPU_LCD" Signal="GPIO5_GPIO[8]" Comment="PMIC_PBSTAT and DISP0_DAT14" IsExcluded="false" />
    <AltMode Name="ALT1" BallNumber="F3" BallName="DISP0_DAT15" PowerGroup="IPU_LCD" Signal="GPIO5_GPIO[9]" Comment="MLB_PWRDN and DISP0_DAT15" IsExcluded="false" />
  </Peripheral>
  <Peripheral Name="GPIO7" IsExcluded="false">
    <AltMode Name="ALT1" BallNumber="A3" BallName="GPIO_17" PowerGroup="GPIO" Signal="GPIO7_GPIO[12]" Comment="TOUCH_INT_B, GPIO_17" IsExcluded="false" />
  </Peripheral>
  <Peripheral Name="I2C2" IsExcluded="false">
    <AltMode Name="ALT5" BallNumber="Y3" BallName="EIM_EB2" PowerGroup="WEIM_SEC" Signal="I2C2_SCL" Comment="" IsExcluded="false" />
    <AltMode Name="ALT4" BallNumber="D4" BallName="KEY_ROW3" PowerGroup="KEYPAD" Signal="I2C2_SDA" Comment="KEY_ROW3" IsExcluded="false" />
  </Peripheral>
  <Peripheral Name="I2C3" IsExcluded="false">
    <AltMode Name="ALT2" BallNumber="A6" BallName="GPIO_3" PowerGroup="GPIO" Signal="I2C3_SCL" Comment="GPIO_3" IsExcluded="false" />
    <AltMode Name="ALT6" BallNumber="C6" BallName="GPIO_16" PowerGroup="GPIO" Signal="I2C3_SDA" Comment="" IsExcluded="false" />
  </Peripheral>
  <Peripheral Name="IPU" IsExcluded="false">
    <AltMode Name="ALT0" BallNumber="R5" BallName="CSI0_DAT10" PowerGroup="IPU_CSI" Signal="IPU_CSI0_D[10]" Comment="" IsExcluded="false" />
    <AltMode Name="ALT0" BallNumber="T2" BallName="CSI0_DAT11" PowerGroup="IPU_CSI" Signal="IPU_CSI0_D[11]" Comment="" IsExcluded="false" />
    <AltMode Name="ALT0" BallNumber="T3" BallName="CSI0_DAT12" PowerGroup="IPU_CSI" Signal="IPU_CSI0_D[12]" Comment="" IsExcluded="false" />
    <AltMode Name="ALT0" BallNumber="T6" BallName="CSI0_DAT13" PowerGroup="IPU_CSI" Signal="IPU_CSI0_D[13]" Comment="" IsExcluded="false" />
    <AltMode Name="ALT0" BallNumber="U1" BallName="CSI0_DAT14" PowerGroup="IPU_CSI" Signal="IPU_CSI0_D[14]" Comment="" IsExcluded="false" />
    <AltMode Name="ALT0" BallNumber="U2" BallName="CSI0_DAT15" PowerGroup="IPU_CSI" Signal="IPU_CSI0_D[15]" Comment="" IsExcluded="false" />
    <AltMode Name="ALT0" BallNumber="T4" BallName="CSI0_DAT16" PowerGroup="IPU_CSI" Signal="IPU_CSI0_D[16]" Comment="" IsExcluded="false" />
    <AltMode Name="ALT0" BallNumber="T5" BallName="CSI0_DAT17" PowerGroup="IPU_CSI" Signal="IPU_CSI0_D[17]" Comment="" IsExcluded="false" />
    <AltMode Name="ALT0" BallNumber="U3" BallName="CSI0_DAT18" PowerGroup="IPU_CSI" Signal="IPU_CSI0_D[18]" Comment="" IsExcluded="false" />
    <AltMode Name="ALT0" BallNumber="U4" BallName="CSI0_DAT19" PowerGroup="IPU_CSI" Signal="IPU_CSI0_D[19]" Comment="" IsExcluded="false" />
    <AltMode Name="ALT0" BallNumber="R1" BallName="CSI0_DAT4" PowerGroup="IPU_CSI" Signal="IPU_CSI0_D[4]" Comment="" IsExcluded="false" />
    <AltMode Name="ALT0" BallNumber="R2" BallName="CSI0_DAT5" PowerGroup="IPU_CSI" Signal="IPU_CSI0_D[5]" Comment="" IsExcluded="false" />
    <AltMode Name="ALT0" BallNumber="R6" BallName="CSI0_DAT6" PowerGroup="IPU_CSI" Signal="IPU_CSI0_D[6]" Comment="" IsExcluded="false" />
    <AltMode Name="ALT0" BallNumber="R3" BallName="CSI0_DAT7" PowerGroup="IPU_CSI" Signal="IPU_CSI0_D[7]" Comment="" IsExcluded="false" />
    <AltMode Name="ALT0" BallNumber="T1" BallName="CSI0_DAT8" PowerGroup="IPU_CSI" Signal="IPU_CSI0_D[8]" Comment="" IsExcluded="false" />
    <AltMode Name="ALT0" BallNumber="R4" BallName="CSI0_DAT9" PowerGroup="IPU_CSI" Signal="IPU_CSI0_D[9]" Comment="" IsExcluded="false" />
    <AltMode Name="ALT0" BallNumber="P2" BallName="CSI0_MCLK" PowerGroup="IPU_CSI" Signal="IPU_CSI0_HSYNC" Comment="CSI0_HSYNC" IsExcluded="false" />
    <AltMode Name="ALT0" BallNumber="P1" BallName="CSI0_PIXCLK" PowerGroup="IPU_CSI" Signal="IPU_CSI0_PIXCLK" Comment="CSI0_PIXCLK" IsExcluded="false" />
    <AltMode Name="ALT0" BallNumber="P4" BallName="CSI0_VSYNC" PowerGroup="IPU_CSI" Signal="IPU_CSI0_VSYNC" Comment="CSI0_VSYNC" IsExcluded="false" />
  </Peripheral>
  <Peripheral Name="KPP" IsExcluded="false">
    <AltMode Name="ALT0" BallNumber="C5" BallName="KEY_COL0" PowerGroup="KEYPAD" Signal="KPP_COL[0]" Comment="TP19" IsExcluded="false" />
    <AltMode Name="ALT0" BallNumber="E7" BallName="KEY_COL1" PowerGroup="KEYPAD" Signal="KPP_COL[1]" Comment="TP20" IsExcluded="false" />
    <AltMode Name="ALT0" BallNumber="B3" BallName="KEY_ROW0" PowerGroup="KEYPAD" Signal="KPP_ROW[0]" Comment="TP21" IsExcluded="false" />
    <AltMode Name="ALT0" BallNumber="D6" BallName="KEY_ROW1" PowerGroup="KEYPAD" Signal="KPP_ROW[1]" Comment="TP22" IsExcluded="false" />
  </Peripheral>
  <Peripheral Name="LDB" IsExcluded="false">
    <AltMode Name="ALT1" BallNumber="AB16" BallName="LVDS0_CLK_N" PowerGroup="LVDS0" Signal="LDB_LVDS0_CLK_N" Comment="" IsExcluded="false" />
    <AltMode Name="ALT1" BallNumber="AC16" BallName="LVDS0_CLK_P" PowerGroup="LVDS0" Signal="LDB_LVDS0_CLK_P" Comment="" IsExcluded="false" />
    <AltMode Name="ALT1" BallNumber="Y17" BallName="LVDS0_TX0_N" PowerGroup="LVDS0" Signal="LDB_LVDS0_TX0_N" Comment="" IsExcluded="false" />
    <AltMode Name="ALT1" BallNumber="AA17" BallName="LVDS0_TX0_P" PowerGroup="LVDS0" Signal="LDB_LVDS0_TX0_P" Comment="" IsExcluded="false" />
    <AltMode Name="ALT1" BallNumber="AB17" BallName="LVDS0_TX1_N" PowerGroup="LVDS0" Signal="LDB_LVDS0_TX1_N" Comment="" IsExcluded="false" />
    <AltMode Name="ALT1" BallNumber="AC17" BallName="LVDS0_TX1_P" PowerGroup="LVDS0" Signal="LDB_LVDS0_TX1_P" Comment="" IsExcluded="false" />
    <AltMode Name="ALT1" BallNumber="Y16" BallName="LVDS0_TX2_N" PowerGroup="LVDS0" Signal="LDB_LVDS0_TX2_N" Comment="" IsExcluded="false" />
    <AltMode Name="ALT1" BallNumber="AA16" BallName="LVDS0_TX2_P" PowerGroup="LVDS0" Signal="LDB_LVDS0_TX2_P" Comment="" IsExcluded="false" />
    <AltMode Name="ALT1" BallNumber="AB15" BallName="LVDS0_TX3_N" PowerGroup="LVDS0" Signal="LDB_LVDS0_TX3_N" Comment="" IsExcluded="false" />
    <AltMode Name="ALT1" BallNumber="AC15" BallName="LVDS0_TX3_P" PowerGroup="LVDS0" Signal="LDB_LVDS0_TX3_P" Comment="" IsExcluded="false" />
    <AltMode Name="ALT1" BallNumber="AA13" BallName="LVDS1_CLK_N" PowerGroup="LVDS1" Signal="LDB_LVDS1_CLK_N" Comment="" IsExcluded="false" />
    <AltMode Name="ALT1" BallNumber="Y13" BallName="LVDS1_CLK_P" PowerGroup="LVDS1" Signal="LDB_LVDS1_CLK_P" Comment="" IsExcluded="false" />
    <AltMode Name="ALT1" BallNumber="AC14" BallName="LVDS1_TX0_N" PowerGroup="LVDS1" Signal="LDB_LVDS1_TX0_N" Comment="" IsExcluded="false" />
    <AltMode Name="ALT1" BallNumber="AB14" BallName="LVDS1_TX0_P" PowerGroup="LVDS1" Signal="LDB_LVDS1_TX0_P" Comment="" IsExcluded="false" />
    <AltMode Name="ALT1" BallNumber="AC13" BallName="LVDS1_TX1_N" PowerGroup="LVDS1" Signal="LDB_LVDS1_TX1_N" Comment="" IsExcluded="false" />
    <AltMode Name="ALT1" BallNumber="AB13" BallName="LVDS1_TX1_P" PowerGroup="LVDS1" Signal="LDB_LVDS1_TX1_P" Comment="" IsExcluded="false" />
    <AltMode Name="ALT1" BallNumber="AC12" BallName="LVDS1_TX2_N" PowerGroup="LVDS1" Signal="LDB_LVDS1_TX2_N" Comment="" IsExcluded="false" />
    <AltMode Name="ALT1" BallNumber="AB12" BallName="LVDS1_TX2_P" PowerGroup="LVDS1" Signal="LDB_LVDS1_TX2_P" Comment="" IsExcluded="false" />
    <AltMode Name="ALT1" BallNumber="AA12" BallName="LVDS1_TX3_N" PowerGroup="LVDS1" Signal="LDB_LVDS1_TX3_N" Comment="" IsExcluded="false" />
    <AltMode Name="ALT1" BallNumber="Y12" BallName="LVDS1_TX3_P" PowerGroup="LVDS1" Signal="LDB_LVDS1_TX3_P" Comment="" IsExcluded="false" />
  </Peripheral>
  <Peripheral Name="MLB" IsExcluded="false">
    <AltMode Name="ALT3" BallNumber="D10" BallName="FEC_TXD1" PowerGroup="FEC" Signal="MLB_MLBCLK" Comment="FEC_TXD1" IsExcluded="false" />
    <AltMode Name="ALT3" BallNumber="E10" BallName="FEC_MDC" PowerGroup="FEC" Signal="MLB_MLBDAT" Comment="FEC_MDC" IsExcluded="false" />
    <AltMode Name="ALT7" BallNumber="B6" BallName="GPIO_6" PowerGroup="GPIO" Signal="MLB_MLBSIG" Comment="" IsExcluded="false" />
  </Peripheral>
  <Peripheral Name="PATA" IsExcluded="false">
    <AltMode Name="ALT0" BallNumber="K6" BallName="PATA_DA_0" PowerGroup="PATA" Signal="PATA_DA_0" Comment="CAN_EN" IsExcluded="false" />
    <AltMode Name="ALT0" BallNumber="L1" BallName="PATA_DATA0" PowerGroup="PATA" Signal="PATA_PATA_DATA[0]" Comment="CAN1_NERR_B" IsExcluded="false" />
    <AltMode Name="ALT0" BallNumber="M1" BallName="PATA_DATA1" PowerGroup="PATA" Signal="PATA_PATA_DATA[1]" Comment="CAN2_NERR_B" IsExcluded="false" />
    <AltMode Name="ALT0" BallNumber="L6" BallName="PATA_DATA2" PowerGroup="PATA" Signal="PATA_PATA_DATA[2]" Comment="VIDEO_ADC_PWRDN_B" IsExcluded="false" />
    <AltMode Name="ALT0" BallNumber="M2" BallName="PATA_DATA3" PowerGroup="PATA" Signal="PATA_PATA_DATA[3]" Comment="I2CPORTEXP_RST_B" IsExcluded="false" />
    <AltMode Name="ALT0" BallNumber="M3" BallName="PATA_DATA4" PowerGroup="PATA" Signal="PATA_PATA_DATA[4]" Comment="ESAI_INT" IsExcluded="false" />
    <AltMode Name="ALT0" BallNumber="M4" BallName="PATA_DATA5" PowerGroup="PATA" Signal="PATA_PATA_DATA[5]" Comment="GPS_PWREN" IsExcluded="false" />
    <AltMode Name="ALT0" BallNumber="N1" BallName="PATA_DATA6" PowerGroup="PATA" Signal="PATA_PATA_DATA[6]" Comment="GPS_INT_B" IsExcluded="false" />
    <AltMode Name="ALT0" BallNumber="M5" BallName="PATA_DATA7" PowerGroup="PATA" Signal="PATA_PATA_DATA[7]" Comment="MLB_INT_B" IsExcluded="false" />
  </Peripheral>
  <Peripheral Name="PWM1" IsExcluded="false">
    <AltMode Name="ALT2" BallNumber="G6" BallName="DISP0_DAT8" PowerGroup="IPU_LCD" Signal="PWM1_PWMO" Comment="LVDS0_PWM and DISP0_DAT8" IsExcluded="false" />
  </Peripheral>
  <Peripheral Name="PWM2" IsExcluded="false">
    <AltMode Name="ALT2" BallNumber="E2" BallName="DISP0_DAT9" PowerGroup="IPU_LCD" Signal="PWM2_PWMO" Comment="LVDS1_PWM and DISP0_DAT9" IsExcluded="false" />
  </Peripheral>
  <Peripheral Name="SJC" IsExcluded="false">
    <AltMode Name="ALT0" BallNumber="C9" BallName="JTAG_MOD" PowerGroup="JTAG" Signal="SJC_MOD" Comment="JTAG_MOD" IsExcluded="false" />
    <AltMode Name="ALT0" BallNumber="D9" BallName="JTAG_TCK" PowerGroup="JTAG" Signal="SJC_TCK" Comment="JTAG_TCK" IsExcluded="false" />
    <AltMode Name="ALT0" BallNumber="B8" BallName="JTAG_TDI" PowerGroup="JTAG" Signal="SJC_TDI" Comment="JTAG_TDI" IsExcluded="false" />
    <AltMode Name="ALT0" BallNumber="A7" BallName="JTAG_TDO" PowerGroup="JTAG" Signal="SJC_TDO" Comment="JTAG_TDO" IsExcluded="false" />
    <AltMode Name="ALT0" BallNumber="A8" BallName="JTAG_TMS" PowerGroup="JTAG" Signal="SJC_TMS" Comment="JTAG_TMS" IsExcluded="false" />
    <AltMode Name="ALT0" BallNumber="E9" BallName="JTAG_TRSTB" PowerGroup="JTAG" Signal="SJC_TRSTB" Comment="JTAG_TRST_B" IsExcluded="false" />
  </Peripheral>
  <Peripheral Name="SPDIF" IsExcluded="false">
    <AltMode Name="ALT3" BallNumber="F6" BallName="KEY_COL3" PowerGroup="KEYPAD" Signal="SPDIF_IN1" Comment="MAINBRD_SPDIF_IN and KEY_COL3, " IsExcluded="false" />
  </Peripheral>
  <Peripheral Name="SRC" IsExcluded="false">
    <AltMode Name="ALT0" BallNumber="C18" BallName="BOOT_MODE0" PowerGroup="RESET" Signal="SRC_BOOT_MODE[0]" Comment="BOOT_MODE0" IsExcluded="false" />
    <AltMode Name="ALT0" BallNumber="B20" BallName="BOOT_MODE1" PowerGroup="RESET" Signal="SRC_BOOT_MODE[1]" Comment="BOOT_MOVE1" IsExcluded="false" />
    <AltMode Name="ALT0" BallNumber="C19" BallName="POR_B" PowerGroup="RESET" Signal="SRC_POR_B" Comment="POR_B" IsExcluded="false" />
    <AltMode Name="ALT0" BallNumber="A21" BallName="RESET_IN_B" PowerGroup="RESET" Signal="SRC_RESET_B" Comment="RESET_IN_B" IsExcluded="false" />
  </Peripheral>
  <Peripheral Name="SRTC" IsExcluded="false">
    <AltMode Name="ALT0" BallNumber="W14" BallName="PMIC_ON_REQ" PowerGroup="SRTC" Signal="SRTC_SRTCALARM" Comment="PMIC_ON_REQ" IsExcluded="false" />
  </Peripheral>
  <Peripheral Name="TCU" IsExcluded="false">
    <AltMode Name="ALT0" BallNumber="D17" BallName="TEST_MODE" PowerGroup="RESET" Signal="TCU_TEST_MODE" Comment="" IsExcluded="false" />
  </Peripheral>
  <Peripheral Name="UART1" IsExcluded="false">
    <AltMode Name="ALT3" BallNumber="J2" BallName="PATA_DMACK" PowerGroup="PATA" Signal="UART1_RXD_MUX" Comment="UART1_RX and PATA_DMACK" IsExcluded="false" />
    <AltMode Name="ALT3" BallNumber="J3" BallName="PATA_DIOW" PowerGroup="PATA" Signal="UART1_TXD_MUX" Comment="UART1_TX and PATA_DIOW" IsExcluded="false" />
  </Peripheral>
  <Peripheral Name="UART2" IsExcluded="false">
    <AltMode Name="ALT3" BallNumber="K5" BallName="PATA_INTRQ" PowerGroup="PATA" Signal="UART2_CTS" Comment="UART2_CTS and PATA_INTRQ" IsExcluded="false" />
    <AltMode Name="ALT3" BallNumber="K3" BallName="PATA_DIOR" PowerGroup="PATA" Signal="UART2_RTS" Comment="PATA_DIOR" IsExcluded="false" />
    <AltMode Name="ALT3" BallNumber="K4" BallName="PATA_BUFFER_EN" PowerGroup="PATA" Signal="UART2_RXD_MUX" Comment="UART2_RXD and PATA_BUFFER_EN" IsExcluded="false" />
    <AltMode Name="ALT3" BallNumber="J1" BallName="PATA_DMARQ" PowerGroup="PATA" Signal="UART2_TXD_MUX" Comment="UART2_TX and PATA_DMARQ" IsExcluded="false" />
  </Peripheral>
  <Peripheral Name="UART3" IsExcluded="false">
    <AltMode Name="ALT4" BallNumber="L3" BallName="PATA_DA_1" PowerGroup="PATA" Signal="UART3_CTS" Comment="PATA_DA_1" IsExcluded="false" />
    <AltMode Name="ALT4" BallNumber="L4" BallName="PATA_DA_2" PowerGroup="PATA" Signal="UART3_RTS" Comment="PATA_DA_2" IsExcluded="false" />
    <AltMode Name="ALT4" BallNumber="L2" BallName="PATA_CS_1" PowerGroup="PATA" Signal="UART3_RXD_MUX" Comment="UART3_RXD and PATA_CS_1" IsExcluded="false" />
    <AltMode Name="ALT4" BallNumber="L5" BallName="PATA_CS_0" PowerGroup="PATA" Signal="UART3_TXD_MUX" Comment="UART3_TXD and PATA_CS_0" IsExcluded="false" />
  </Peripheral>
  <Peripheral Name="USBOH3" IsExcluded="false">
    <AltMode Name="ALT2" BallNumber="H1" BallName="DISP0_DAT12" PowerGroup="IPU_LCD" Signal="USBOH3_USBH2_CLK" Comment="USB_H2_CLK and DISP0_DAT12" IsExcluded="false" />
    <AltMode Name="ALT3" BallNumber="J5" BallName="DISP0_DAT0" PowerGroup="IPU_LCD" Signal="USBOH3_USBH2_DATA[0]" Comment="USB_H2_DAT0 and DISP0_DAT0" IsExcluded="false" />
    <AltMode Name="ALT3" BallNumber="J4" BallName="DISP0_DAT1" PowerGroup="IPU_LCD" Signal="USBOH3_USBH2_DATA[1]" Comment="USB_H2_DAT1 and DISP0_DAT1" IsExcluded="false" />
    <AltMode Name="ALT3" BallNumber="H2" BallName="DISP0_DAT2" PowerGroup="IPU_LCD" Signal="USBOH3_USBH2_DATA[2]" Comment="USB_H2_DAT2 and DISP0_DAT2" IsExcluded="false" />
    <AltMode Name="ALT3" BallNumber="F1" BallName="DISP0_DAT3" PowerGroup="IPU_LCD" Signal="USBOH3_USBH2_DATA[3]" Comment="USB_H2_DAT3 and DISP0_DAT3" IsExcluded="false" />
    <AltMode Name="ALT3" BallNumber="G2" BallName="DISP0_DAT4" PowerGroup="IPU_LCD" Signal="USBOH3_USBH2_DATA[4]" Comment="USB_H2_DAT4 and DISP0_DAT4" IsExcluded="false" />
    <AltMode Name="ALT3" BallNumber="H3" BallName="DISP0_DAT5" PowerGroup="IPU_LCD" Signal="USBOH3_USBH2_DATA[5]" Comment="USB_H2_DAT5 and DISP0_DAT5" IsExcluded="false" />
    <AltMode Name="ALT3" BallNumber="G1" BallName="DISP0_DAT6" PowerGroup="IPU_LCD" Signal="USBOH3_USBH2_DATA[6]" Comment="USB_H2_DAT6 and DISP0_DAT6" IsExcluded="false" />
    <AltMode Name="ALT3" BallNumber="H6" BallName="DISP0_DAT7" PowerGroup="IPU_LCD" Signal="USBOH3_USBH2_DATA[7]" Comment="USB_H2_DAT7 and DISP0_DAT7" IsExcluded="false" />
    <AltMode Name="ALT2" BallNumber="H4" BallName="DI0_DISP_CLK" PowerGroup="IPU_LCD" Signal="USBOH3_USBH2_DIR" Comment="USB_H2_DIR and DI0_DISP_CLK" IsExcluded="false" />
    <AltMode Name="ALT2" BallNumber="H5" BallName="DISP0_DAT11" PowerGroup="IPU_LCD" Signal="USBOH3_USBH2_NXT" Comment="USB_H2_NXT and DISP0_DAT11" IsExcluded="false" />
    <AltMode Name="ALT2" BallNumber="G3" BallName="DISP0_DAT10" PowerGroup="IPU_LCD" Signal="USBOH3_USBH2_STP" Comment="USB_H2_STP and DISP0_DAT10" IsExcluded="false" />
  </Peripheral>
  <VoltageSetting Name="RESET" Voltage="0" />
  <VoltageSetting Name="SRTC" Voltage="0" />
  <VoltageSetting Name="JTAG" Voltage="0" />
  <VoltageSetting Name="PATA" Voltage="0" />
  <VoltageSetting Name="KEYPAD" Voltage="0" />
  <VoltageSetting Name="IPU_LCD" Voltage="0" />
  <VoltageSetting Name="IPU_CSI" Voltage="0" />
  <VoltageSetting Name="LVDS0" Voltage="0" />
  <VoltageSetting Name="LVDS1" Voltage="0" />
  <VoltageSetting Name="TVDAC" Voltage="0" />
  <VoltageSetting Name="FEC" Voltage="0" />
  <VoltageSetting Name="SD2" Voltage="0" />
  <VoltageSetting Name="SD1" Voltage="0" />
  <VoltageSetting Name="GPIO" Voltage="0" />
  <VoltageSetting Name="WEIM_SEC" Voltage="0" />
  <VoltageSetting Name="WEIM_MAIN" Voltage="0" />
  <VoltageSetting Name="DRAM" Voltage="0" />
  <VoltageSetting Name="NANDF" Voltage="0" />
  <VoltageSetting Name="CKIH" Voltage="0" />
</PinMuxDesign>