<?xml version="1.0"?>
<PinMuxDesign xmlns:xsi="http://www.w3.org/2001/XMLSchema-instance" xmlns:xsd="http://www.w3.org/2001/XMLSchema">
  <Chip>i.MX53</Chip>
  <Board>QSB</Board>
  <BoardRevision>Rev. D</BoardRevision>
  <Version>2</Version>
  <Company>Freescale</Company>
  <Contact />
  <ContactEmail />
  <Description>Quick Start Board (QSB) i.MX53 IOMUX </Description>
  <Peripheral Name="AUDMUX" IsExcluded="false">
    <AltMode Name="ALT2" BallNumber="D6" BallName="KEY_ROW1" PowerGroup="KEYPAD" Signal="AUDMUX_AUD5_RXD" IsExcluded="false" />
    <AltMode Name="ALT2" BallNumber="C5" BallName="KEY_COL0" PowerGroup="KEYPAD" Signal="AUDMUX_AUD5_TXC" IsExcluded="false" />
    <AltMode Name="ALT2" BallNumber="B3" BallName="KEY_ROW0" PowerGroup="KEYPAD" Signal="AUDMUX_AUD5_TXD" IsExcluded="false" />
    <AltMode Name="ALT2" BallNumber="E7" BallName="KEY_COL1" PowerGroup="KEYPAD" Signal="AUDMUX_AUD5_TXFS" IsExcluded="false" />
  </Peripheral>
  <Peripheral Name="CCM" IsExcluded="false">
    <AltMode Name="ALT0" BallNumber="C8" BallName="GPIO_0" PowerGroup="GPIO" Signal="CCM_CLKO" IsExcluded="false" />
  </Peripheral>
  <Peripheral Name="EMI" IsExcluded="false">
    <AltMode Name="ALT0" BallNumber="M19" BallName="DRAM_A0" PowerGroup="DRAM" Signal="EMI_DRAM_A[0]" IsExcluded="false" />
    <AltMode Name="ALT0" BallNumber="L21" BallName="DRAM_A1" PowerGroup="DRAM" Signal="EMI_DRAM_A[1]" IsExcluded="false" />
    <AltMode Name="ALT0" BallNumber="K19" BallName="DRAM_A10" PowerGroup="DRAM" Signal="EMI_DRAM_A[10]" IsExcluded="false" />
    <AltMode Name="ALT0" BallNumber="L22" BallName="DRAM_A11" PowerGroup="DRAM" Signal="EMI_DRAM_A[11]" IsExcluded="false" />
    <AltMode Name="ALT0" BallNumber="L20" BallName="DRAM_A12" PowerGroup="DRAM" Signal="EMI_DRAM_A[12]" IsExcluded="false" />
    <AltMode Name="ALT0" BallNumber="L23" BallName="DRAM_A13" PowerGroup="DRAM" Signal="EMI_DRAM_A[13]" IsExcluded="false" />
    <AltMode Name="ALT0" BallNumber="M20" BallName="DRAM_A2" PowerGroup="DRAM" Signal="EMI_DRAM_A[2]" IsExcluded="false" />
    <AltMode Name="ALT0" BallNumber="N20" BallName="DRAM_A3" PowerGroup="DRAM" Signal="EMI_DRAM_A[3]" IsExcluded="false" />
    <AltMode Name="ALT0" BallNumber="K20" BallName="DRAM_A4" PowerGroup="DRAM" Signal="EMI_DRAM_A[4]" IsExcluded="false" />
    <AltMode Name="ALT0" BallNumber="N21" BallName="DRAM_A5" PowerGroup="DRAM" Signal="EMI_DRAM_A[5]" IsExcluded="false" />
    <AltMode Name="ALT0" BallNumber="M22" BallName="DRAM_A6" PowerGroup="DRAM" Signal="EMI_DRAM_A[6]" IsExcluded="false" />
    <AltMode Name="ALT0" BallNumber="N22" BallName="DRAM_A7" PowerGroup="DRAM" Signal="EMI_DRAM_A[7]" IsExcluded="false" />
    <AltMode Name="ALT0" BallNumber="N23" BallName="DRAM_A8" PowerGroup="DRAM" Signal="EMI_DRAM_A[8]" IsExcluded="false" />
    <AltMode Name="ALT0" BallNumber="M21" BallName="DRAM_A9" PowerGroup="DRAM" Signal="EMI_DRAM_A[9]" IsExcluded="false" />
    <AltMode Name="ALT0" BallNumber="L18" BallName="DRAM_CAS" PowerGroup="DRAM" Signal="EMI_DRAM_CAS" IsExcluded="false" />
    <AltMode Name="ALT0" BallNumber="K18" BallName="DRAM_CS0" PowerGroup="DRAM" Signal="EMI_DRAM_CS[0]" IsExcluded="false" />
    <AltMode Name="ALT0" BallNumber="P19" BallName="DRAM_CS1" PowerGroup="DRAM" Signal="EMI_DRAM_CS[1]" IsExcluded="false" />
    <AltMode Name="ALT0" BallNumber="H20" BallName="DRAM_D0" PowerGroup="DRAM" Signal="EMI_DRAM_D[0]" IsExcluded="false" />
    <AltMode Name="ALT0" BallNumber="G21" BallName="DRAM_D1" PowerGroup="DRAM" Signal="EMI_DRAM_D[1]" IsExcluded="false" />
    <AltMode Name="ALT0" BallNumber="E22" BallName="DRAM_D10" PowerGroup="DRAM" Signal="EMI_DRAM_D[10]" IsExcluded="false" />
    <AltMode Name="ALT0" BallNumber="D20" BallName="DRAM_D11" PowerGroup="DRAM" Signal="EMI_DRAM_D[11]" IsExcluded="false" />
    <AltMode Name="ALT0" BallNumber="E23" BallName="DRAM_D12" PowerGroup="DRAM" Signal="EMI_DRAM_D[12]" IsExcluded="false" />
    <AltMode Name="ALT0" BallNumber="C23" BallName="DRAM_D13" PowerGroup="DRAM" Signal="EMI_DRAM_D[13]" IsExcluded="false" />
    <AltMode Name="ALT0" BallNumber="F23" BallName="DRAM_D14" PowerGroup="DRAM" Signal="EMI_DRAM_D[14]" IsExcluded="false" />
    <AltMode Name="ALT0" BallNumber="C22" BallName="DRAM_D15" PowerGroup="DRAM" Signal="EMI_DRAM_D[15]" IsExcluded="false" />
    <AltMode Name="ALT0" BallNumber="U20" BallName="DRAM_D16" PowerGroup="DRAM" Signal="EMI_DRAM_D[16]" IsExcluded="false" />
    <AltMode Name="ALT0" BallNumber="T21" BallName="DRAM_D17" PowerGroup="DRAM" Signal="EMI_DRAM_D[17]" IsExcluded="false" />
    <AltMode Name="ALT0" BallNumber="U21" BallName="DRAM_D18" PowerGroup="DRAM" Signal="EMI_DRAM_D[18]" IsExcluded="false" />
    <AltMode Name="ALT0" BallNumber="R21" BallName="DRAM_D19" PowerGroup="DRAM" Signal="EMI_DRAM_D[19]" IsExcluded="false" />
    <AltMode Name="ALT0" BallNumber="J21" BallName="DRAM_D2" PowerGroup="DRAM" Signal="EMI_DRAM_D[2]" IsExcluded="false" />
    <AltMode Name="ALT0" BallNumber="U23" BallName="DRAM_D20" PowerGroup="DRAM" Signal="EMI_DRAM_D[20]" IsExcluded="false" />
    <AltMode Name="ALT0" BallNumber="R22" BallName="DRAM_D21" PowerGroup="DRAM" Signal="EMI_DRAM_D[21]" IsExcluded="false" />
    <AltMode Name="ALT0" BallNumber="U22" BallName="DRAM_D22" PowerGroup="DRAM" Signal="EMI_DRAM_D[22]" IsExcluded="false" />
    <AltMode Name="ALT0" BallNumber="R23" BallName="DRAM_D23" PowerGroup="DRAM" Signal="EMI_DRAM_D[23]" IsExcluded="false" />
    <AltMode Name="ALT0" BallNumber="Y20" BallName="DRAM_D24" PowerGroup="DRAM" Signal="EMI_DRAM_D[24]" IsExcluded="false" />
    <AltMode Name="ALT0" BallNumber="W21" BallName="DRAM_D25" PowerGroup="DRAM" Signal="EMI_DRAM_D[25]" IsExcluded="false" />
    <AltMode Name="ALT0" BallNumber="Y21" BallName="DRAM_D26" PowerGroup="DRAM" Signal="EMI_DRAM_D[26]" IsExcluded="false" />
    <AltMode Name="ALT0" BallNumber="W22" BallName="DRAM_D27" PowerGroup="DRAM" Signal="EMI_DRAM_D[27]" IsExcluded="false" />
    <AltMode Name="ALT0" BallNumber="AA23" BallName="DRAM_D28" PowerGroup="DRAM" Signal="EMI_DRAM_D[28]" IsExcluded="false" />
    <AltMode Name="ALT0" BallNumber="V23" BallName="DRAM_D29" PowerGroup="DRAM" Signal="EMI_DRAM_D[29]" IsExcluded="false" />
    <AltMode Name="ALT0" BallNumber="G20" BallName="DRAM_D3" PowerGroup="DRAM" Signal="EMI_DRAM_D[3]" IsExcluded="false" />
    <AltMode Name="ALT0" BallNumber="AA22" BallName="DRAM_D30" PowerGroup="DRAM" Signal="EMI_DRAM_D[30]" IsExcluded="false" />
    <AltMode Name="ALT0" BallNumber="W23" BallName="DRAM_D31" PowerGroup="DRAM" Signal="EMI_DRAM_D[31]" IsExcluded="false" />
    <AltMode Name="ALT0" BallNumber="J23" BallName="DRAM_D4" PowerGroup="DRAM" Signal="EMI_DRAM_D[4]" IsExcluded="false" />
    <AltMode Name="ALT0" BallNumber="G23" BallName="DRAM_D5" PowerGroup="DRAM" Signal="EMI_DRAM_D[5]" IsExcluded="false" />
    <AltMode Name="ALT0" BallNumber="J22" BallName="DRAM_D6" PowerGroup="DRAM" Signal="EMI_DRAM_D[6]" IsExcluded="false" />
    <AltMode Name="ALT0" BallNumber="G22" BallName="DRAM_D7" PowerGroup="DRAM" Signal="EMI_DRAM_D[7]" IsExcluded="false" />
    <AltMode Name="ALT0" BallNumber="E21" BallName="DRAM_D8" PowerGroup="DRAM" Signal="EMI_DRAM_D[8]" IsExcluded="false" />
    <AltMode Name="ALT0" BallNumber="D21" BallName="DRAM_D9" PowerGroup="DRAM" Signal="EMI_DRAM_D[9]" IsExcluded="false" />
    <AltMode Name="ALT0" BallNumber="H21" BallName="DRAM_DQM0" PowerGroup="DRAM" Signal="EMI_DRAM_DQM[0]" IsExcluded="false" />
    <AltMode Name="ALT0" BallNumber="E20" BallName="DRAM_DQM1" PowerGroup="DRAM" Signal="EMI_DRAM_DQM[1]" IsExcluded="false" />
    <AltMode Name="ALT0" BallNumber="T20" BallName="DRAM_DQM2" PowerGroup="DRAM" Signal="EMI_DRAM_DQM[2]" IsExcluded="false" />
    <AltMode Name="ALT0" BallNumber="W20" BallName="DRAM_DQM3" PowerGroup="DRAM" Signal="EMI_DRAM_DQM[3]" IsExcluded="false" />
    <AltMode Name="ALT0" BallNumber="J18" BallName="DRAM_SDODT0" PowerGroup="DRAM" Signal="EMI_DRAM_ODT[0]" IsExcluded="false" />
    <AltMode Name="ALT0" BallNumber="R18" BallName="DRAM_SDODT1" PowerGroup="DRAM" Signal="EMI_DRAM_ODT[1]" IsExcluded="false" />
    <AltMode Name="ALT0" BallNumber="J19" BallName="DRAM_RAS" PowerGroup="DRAM" Signal="EMI_DRAM_RAS" IsExcluded="false" />
    <AltMode Name="ALT0" BallNumber="P18" BallName="DRAM_RESET" PowerGroup="DRAM" Signal="EMI_DRAM_RESET" IsExcluded="false" />
    <AltMode Name="ALT0" BallNumber="R19" BallName="DRAM_SDBA0" PowerGroup="DRAM" Signal="EMI_DRAM_SDBA[0]" IsExcluded="false" />
    <AltMode Name="ALT0" BallNumber="P20" BallName="DRAM_SDBA1" PowerGroup="DRAM" Signal="EMI_DRAM_SDBA[1]" IsExcluded="false" />
    <AltMode Name="ALT0" BallNumber="N19" BallName="DRAM_SDBA2" PowerGroup="DRAM" Signal="EMI_DRAM_SDBA[2]" IsExcluded="false" />
    <AltMode Name="ALT0" BallNumber="H19" BallName="DRAM_SDCKE0" PowerGroup="DRAM" Signal="EMI_DRAM_SDCKE[0]" IsExcluded="false" />
    <AltMode Name="ALT0" BallNumber="T19" BallName="DRAM_SDCKE1" PowerGroup="DRAM" Signal="EMI_DRAM_SDCKE[1]" IsExcluded="false" />
    <AltMode Name="ALT0" BallNumber="K23" BallName="DRAM_SDCLK_0" PowerGroup="DRAM" Signal="EMI_DRAM_SDCLK0" IsExcluded="false" />
    <AltMode Name="ALT0" BallNumber="K22" BallName="DRAM_SDCLK_0_B" PowerGroup="DRAM" Signal="EMI_DRAM_SDCLK0_B" IsExcluded="false" />
    <AltMode Name="ALT0" BallNumber="P22" BallName="DRAM_SDCLK_1" PowerGroup="DRAM" Signal="EMI_DRAM_SDCLK1" IsExcluded="false" />
    <AltMode Name="ALT0" BallNumber="P23" BallName="DRAM_SDCLK_1_B" PowerGroup="DRAM" Signal="EMI_DRAM_SDCLK1_B" IsExcluded="false" />
    <AltMode Name="ALT0" BallNumber="H23" BallName="DRAM_SDQS0" PowerGroup="DRAM" Signal="EMI_DRAM_SDQS[0]" IsExcluded="false" />
    <AltMode Name="ALT0" BallNumber="D23" BallName="DRAM_SDQS1" PowerGroup="DRAM" Signal="EMI_DRAM_SDQS[1]" IsExcluded="false" />
    <AltMode Name="ALT0" BallNumber="T22" BallName="DRAM_SDQS2" PowerGroup="DRAM" Signal="EMI_DRAM_SDQS[2]" IsExcluded="false" />
    <AltMode Name="ALT0" BallNumber="Y22" BallName="DRAM_SDQS3" PowerGroup="DRAM" Signal="EMI_DRAM_SDQS[3]" IsExcluded="false" />
    <AltMode Name="ALT0" BallNumber="H22" BallName="DRAM_SDQS0_B" PowerGroup="DRAM" Signal="EMI_DRAM_SDQS_B[0]" IsExcluded="false" />
    <AltMode Name="ALT0" BallNumber="D22" BallName="DRAM_SDQS1_B" PowerGroup="DRAM" Signal="EMI_DRAM_SDQS_B[1]" IsExcluded="false" />
    <AltMode Name="ALT0" BallNumber="T23" BallName="DRAM_SDQS2_B" PowerGroup="DRAM" Signal="EMI_DRAM_SDQS_B[2]" IsExcluded="false" />
    <AltMode Name="ALT0" BallNumber="Y23" BallName="DRAM_SDQS3_B" PowerGroup="DRAM" Signal="EMI_DRAM_SDQS_B[3]" IsExcluded="false" />
    <AltMode Name="ALT0" BallNumber="L19" BallName="DRAM_SDWE" PowerGroup="DRAM" Signal="EMI_DRAM_SDWE" IsExcluded="false" />
  </Peripheral>
  <Peripheral Name="ESDHC1" IsExcluded="false">
    <AltMode Name="ALT0" BallNumber="E16" BallName="SD1_CLK" PowerGroup="SD1" Signal="ESDHC1_CLK" IsExcluded="false" />
    <AltMode Name="ALT0" BallNumber="F18" BallName="SD1_CMD" PowerGroup="SD1" Signal="ESDHC1_CMD" IsExcluded="false" />
    <AltMode Name="ALT0" BallNumber="A20" BallName="SD1_DATA0" PowerGroup="SD1" Signal="ESDHC1_DAT0" IsExcluded="false" />
    <AltMode Name="ALT0" BallNumber="C17" BallName="SD1_DATA1" PowerGroup="SD1" Signal="ESDHC1_DAT1" IsExcluded="false" />
    <AltMode Name="ALT0" BallNumber="F17" BallName="SD1_DATA2" PowerGroup="SD1" Signal="ESDHC1_DAT2" IsExcluded="false" />
    <AltMode Name="ALT0" BallNumber="F16" BallName="SD1_DATA3" PowerGroup="SD1" Signal="ESDHC1_DAT3" IsExcluded="false" />
  </Peripheral>
  <Peripheral Name="ESDHC3" IsExcluded="false">
    <AltMode Name="ALT2" BallNumber="K1" BallName="PATA_IORDY" PowerGroup="PATA" Signal="ESDHC3_CLK" IsExcluded="false" />
    <AltMode Name="ALT2" BallNumber="K2" BallName="PATA_RESET_B" PowerGroup="PATA" Signal="ESDHC3_CMD" IsExcluded="false" />
    <AltMode Name="ALT4" BallNumber="N2" BallName="PATA_DATA8" PowerGroup="PATA" Signal="ESDHC3_DAT0" IsExcluded="false" />
    <AltMode Name="ALT4" BallNumber="N3" BallName="PATA_DATA9" PowerGroup="PATA" Signal="ESDHC3_DAT1" IsExcluded="false" />
    <AltMode Name="ALT4" BallNumber="N4" BallName="PATA_DATA10" PowerGroup="PATA" Signal="ESDHC3_DAT2" IsExcluded="false" />
    <AltMode Name="ALT4" BallNumber="M6" BallName="PATA_DATA11" PowerGroup="PATA" Signal="ESDHC3_DAT3" IsExcluded="false" />
    <AltMode Name="ALT4" BallNumber="L1" BallName="PATA_DATA0" PowerGroup="PATA" Signal="ESDHC3_DAT4" IsExcluded="false" />
    <AltMode Name="ALT4" BallNumber="M1" BallName="PATA_DATA1" PowerGroup="PATA" Signal="ESDHC3_DAT5" IsExcluded="false" />
    <AltMode Name="ALT4" BallNumber="L6" BallName="PATA_DATA2" PowerGroup="PATA" Signal="ESDHC3_DAT6" IsExcluded="false" />
    <AltMode Name="ALT4" BallNumber="M2" BallName="PATA_DATA3" PowerGroup="PATA" Signal="ESDHC3_DAT7" IsExcluded="false" />
  </Peripheral>
  <Peripheral Name="FEC" IsExcluded="false">
    <AltMode Name="ALT0" BallNumber="E10" BallName="FEC_MDC" PowerGroup="FEC" Signal="FEC_MDC" IsExcluded="false" />
    <AltMode Name="ALT0" BallNumber="D12" BallName="FEC_MDIO" PowerGroup="FEC" Signal="FEC_MDIO" IsExcluded="false" />
    <AltMode Name="ALT0" BallNumber="C11" BallName="FEC_RXD0" PowerGroup="FEC" Signal="FEC_RDATA[0]" IsExcluded="false" />
    <AltMode Name="ALT0" BallNumber="E11" BallName="FEC_RXD1" PowerGroup="FEC" Signal="FEC_RDATA[1]" IsExcluded="false" />
    <AltMode Name="ALT0" BallNumber="D11" BallName="FEC_CRS_DV" PowerGroup="FEC" Signal="FEC_RX_DV" IsExcluded="false" />
    <AltMode Name="ALT0" BallNumber="F12" BallName="FEC_RX_ER" PowerGroup="FEC" Signal="FEC_RX_ER" IsExcluded="false" />
    <AltMode Name="ALT0" BallNumber="F10" BallName="FEC_TXD0" PowerGroup="FEC" Signal="FEC_TDATA[0]" IsExcluded="false" />
    <AltMode Name="ALT0" BallNumber="D10" BallName="FEC_TXD1" PowerGroup="FEC" Signal="FEC_TDATA[1]" IsExcluded="false" />
    <AltMode Name="ALT0" BallNumber="E12" BallName="FEC_REF_CLK" PowerGroup="FEC" Signal="FEC_TX_CLK" IsExcluded="false" />
    <AltMode Name="ALT0" BallNumber="C10" BallName="FEC_TX_EN" PowerGroup="FEC" Signal="FEC_TX_EN" IsExcluded="false" />
  </Peripheral>
  <Peripheral Name="GPIO1" IsExcluded="false">
    <AltMode Name="ALT1" BallNumber="D8" BallName="GPIO_4" PowerGroup="GPIO" Signal="GPIO1_GPIO[4]" IsExcluded="false" />
    <AltMode Name="ALT1" BallNumber="A5" BallName="GPIO_5" PowerGroup="GPIO" Signal="GPIO1_GPIO[5]" IsExcluded="false" />
    <AltMode Name="ALT1" BallNumber="B5" BallName="GPIO_8" PowerGroup="GPIO" Signal="GPIO1_GPIO[8]" IsExcluded="false" />
  </Peripheral>
  <Peripheral Name="GPIO2" IsExcluded="false">
    <AltMode Name="ALT1" BallNumber="P6" BallName="PATA_DATA14" PowerGroup="PATA" Signal="GPIO2_GPIO[14]" IsExcluded="false" />
    <AltMode Name="ALT1" BallNumber="P5" BallName="PATA_DATA15" PowerGroup="PATA" Signal="GPIO2_GPIO[15]" IsExcluded="false" />
    <AltMode Name="ALT1" BallNumber="M3" BallName="PATA_DATA4" PowerGroup="PATA" Signal="GPIO2_GPIO[4]" IsExcluded="false" />
    <AltMode Name="ALT1" BallNumber="M4" BallName="PATA_DATA5" PowerGroup="PATA" Signal="GPIO2_GPIO[5]" IsExcluded="false" />
    <AltMode Name="ALT1" BallNumber="N1" BallName="PATA_DATA6" PowerGroup="PATA" Signal="GPIO2_GPIO[6]" IsExcluded="false" />
  </Peripheral>
  <Peripheral Name="GPIO3" IsExcluded="false">
    <AltMode Name="ALT1" BallNumber="AC6" BallName="EIM_DA11" PowerGroup="WEIM_MAIN" Signal="GPIO3_GPIO[11]" IsExcluded="false" />
    <AltMode Name="ALT1" BallNumber="V10" BallName="EIM_DA12" PowerGroup="WEIM_MAIN" Signal="GPIO3_GPIO[12]" IsExcluded="false" />
    <AltMode Name="ALT1" BallNumber="AC7" BallName="EIM_DA13" PowerGroup="WEIM_MAIN" Signal="GPIO3_GPIO[13]" IsExcluded="false" />
    <AltMode Name="ALT1" BallNumber="Y2" BallName="EIM_D24" PowerGroup="WEIM_SEC" Signal="GPIO3_GPIO[24]" IsExcluded="false" />
  </Peripheral>
  <Peripheral Name="GPIO5" IsExcluded="false">
    <AltMode Name="ALT1" BallNumber="AB9" BallName="EIM_WAIT" PowerGroup="WEIM_MAIN" Signal="GPIO5_GPIO[0]" IsExcluded="false" />
  </Peripheral>
  <Peripheral Name="GPIO7" IsExcluded="false">
    <AltMode Name="ALT1" BallNumber="C6" BallName="GPIO_16" PowerGroup="GPIO" Signal="GPIO7_GPIO[11]" IsExcluded="false" />
    <AltMode Name="ALT1" BallNumber="K5" BallName="PATA_INTRQ" PowerGroup="PATA" Signal="GPIO7_GPIO[2]" IsExcluded="false" />
  </Peripheral>
  <Peripheral Name="I2C1" IsExcluded="false">
    <AltMode Name="ALT5" BallNumber="R4" BallName="CSI0_DAT9" PowerGroup="IPU_CSI" Signal="I2C1_SCL" IsExcluded="false" />
    <AltMode Name="ALT5" BallNumber="T1" BallName="CSI0_DAT8" PowerGroup="IPU_CSI" Signal="I2C1_SDA" IsExcluded="false" />
  </Peripheral>
  <Peripheral Name="I2C2" IsExcluded="false">
    <AltMode Name="ALT4" BallNumber="F6" BallName="KEY_COL3" PowerGroup="KEYPAD" Signal="I2C2_SCL" IsExcluded="false" />
    <AltMode Name="ALT4" BallNumber="D4" BallName="KEY_ROW3" PowerGroup="KEYPAD" Signal="I2C2_SDA" IsExcluded="false" />
  </Peripheral>
  <Peripheral Name="I2C3" IsExcluded="false">
    <AltMode Name="ALT2" BallNumber="A6" BallName="GPIO_3" PowerGroup="GPIO" Signal="I2C3_SCL" IsExcluded="false" />
    <AltMode Name="ALT2" BallNumber="B6" BallName="GPIO_6" PowerGroup="GPIO" Signal="I2C3_SDA" IsExcluded="false" />
  </Peripheral>
  <Peripheral Name="IPU" IsExcluded="false">
    <AltMode Name="ALT0" BallNumber="T3" BallName="CSI0_DAT12" PowerGroup="IPU_CSI" Signal="IPU_CSI0_D[12]" IsExcluded="false" />
    <AltMode Name="ALT0" BallNumber="T6" BallName="CSI0_DAT13" PowerGroup="IPU_CSI" Signal="IPU_CSI0_D[13]" IsExcluded="false" />
    <AltMode Name="ALT0" BallNumber="U1" BallName="CSI0_DAT14" PowerGroup="IPU_CSI" Signal="IPU_CSI0_D[14]" IsExcluded="false" />
    <AltMode Name="ALT0" BallNumber="U2" BallName="CSI0_DAT15" PowerGroup="IPU_CSI" Signal="IPU_CSI0_D[15]" IsExcluded="false" />
    <AltMode Name="ALT0" BallNumber="T4" BallName="CSI0_DAT16" PowerGroup="IPU_CSI" Signal="IPU_CSI0_D[16]" IsExcluded="false" />
    <AltMode Name="ALT0" BallNumber="T5" BallName="CSI0_DAT17" PowerGroup="IPU_CSI" Signal="IPU_CSI0_D[17]" IsExcluded="false" />
    <AltMode Name="ALT0" BallNumber="U3" BallName="CSI0_DAT18" PowerGroup="IPU_CSI" Signal="IPU_CSI0_D[18]" IsExcluded="false" />
    <AltMode Name="ALT0" BallNumber="U4" BallName="CSI0_DAT19" PowerGroup="IPU_CSI" Signal="IPU_CSI0_D[19]" IsExcluded="false" />
    <AltMode Name="ALT0" BallNumber="P2" BallName="CSI0_MCLK" PowerGroup="IPU_CSI" Signal="IPU_CSI0_HSYNC" IsExcluded="false" />
    <AltMode Name="ALT0" BallNumber="P1" BallName="CSI0_PIXCLK" PowerGroup="IPU_CSI" Signal="IPU_CSI0_PIXCLK" IsExcluded="false" />
    <AltMode Name="ALT0" BallNumber="P4" BallName="CSI0_VSYNC" PowerGroup="IPU_CSI" Signal="IPU_CSI0_VSYNC" IsExcluded="false" />
    <AltMode Name="ALT4" BallNumber="Y1" BallName="EIM_D23" PowerGroup="WEIM_SEC" Signal="IPU_DI0_D0_CS" IsExcluded="false" />
    <AltMode Name="ALT6" BallNumber="W6" BallName="EIM_A25" PowerGroup="WEIM_SEC" Signal="IPU_DI0_D1_CS" IsExcluded="false" />
    <AltMode Name="ALT0" BallNumber="H4" BallName="DI0_DISP_CLK" PowerGroup="IPU_LCD" Signal="IPU_DI0_DISP_CLK" IsExcluded="false" />
    <AltMode Name="ALT4" BallNumber="W4" BallName="EIM_D30" PowerGroup="WEIM_SEC" Signal="IPU_DI0_PIN11" IsExcluded="false" />
    <AltMode Name="ALT4" BallNumber="W5" BallName="EIM_D31" PowerGroup="WEIM_SEC" Signal="IPU_DI0_PIN12" IsExcluded="false" />
    <AltMode Name="ALT3" BallNumber="V8" BallName="EIM_OE" PowerGroup="WEIM_MAIN" Signal="IPU_DI1_PIN7" IsExcluded="false" />
    <AltMode Name="ALT3" BallNumber="AB4" BallName="EIM_RW" PowerGroup="WEIM_MAIN" Signal="IPU_DI1_PIN8" IsExcluded="false" />
    <AltMode Name="ALT0" BallNumber="J5" BallName="DISP0_DAT0" PowerGroup="IPU_LCD" Signal="IPU_DISP0_DAT[0]" IsExcluded="false" />
    <AltMode Name="ALT0" BallNumber="J4" BallName="DISP0_DAT1" PowerGroup="IPU_LCD" Signal="IPU_DISP0_DAT[1]" IsExcluded="false" />
    <AltMode Name="ALT0" BallNumber="G3" BallName="DISP0_DAT10" PowerGroup="IPU_LCD" Signal="IPU_DISP0_DAT[10]" IsExcluded="false" />
    <AltMode Name="ALT0" BallNumber="H5" BallName="DISP0_DAT11" PowerGroup="IPU_LCD" Signal="IPU_DISP0_DAT[11]" IsExcluded="false" />
    <AltMode Name="ALT0" BallNumber="H1" BallName="DISP0_DAT12" PowerGroup="IPU_LCD" Signal="IPU_DISP0_DAT[12]" IsExcluded="false" />
    <AltMode Name="ALT0" BallNumber="E1" BallName="DISP0_DAT13" PowerGroup="IPU_LCD" Signal="IPU_DISP0_DAT[13]" IsExcluded="false" />
    <AltMode Name="ALT0" BallNumber="F2" BallName="DISP0_DAT14" PowerGroup="IPU_LCD" Signal="IPU_DISP0_DAT[14]" IsExcluded="false" />
    <AltMode Name="ALT0" BallNumber="F3" BallName="DISP0_DAT15" PowerGroup="IPU_LCD" Signal="IPU_DISP0_DAT[15]" IsExcluded="false" />
    <AltMode Name="ALT0" BallNumber="D1" BallName="DISP0_DAT16" PowerGroup="IPU_LCD" Signal="IPU_DISP0_DAT[16]" IsExcluded="false" />
    <AltMode Name="ALT0" BallNumber="F5" BallName="DISP0_DAT17" PowerGroup="IPU_LCD" Signal="IPU_DISP0_DAT[17]" IsExcluded="false" />
    <AltMode Name="ALT0" BallNumber="G4" BallName="DISP0_DAT18" PowerGroup="IPU_LCD" Signal="IPU_DISP0_DAT[18]" IsExcluded="false" />
    <AltMode Name="ALT0" BallNumber="G5" BallName="DISP0_DAT19" PowerGroup="IPU_LCD" Signal="IPU_DISP0_DAT[19]" IsExcluded="false" />
    <AltMode Name="ALT0" BallNumber="H2" BallName="DISP0_DAT2" PowerGroup="IPU_LCD" Signal="IPU_DISP0_DAT[2]" IsExcluded="false" />
    <AltMode Name="ALT0" BallNumber="F4" BallName="DISP0_DAT20" PowerGroup="IPU_LCD" Signal="IPU_DISP0_DAT[20]" IsExcluded="false" />
    <AltMode Name="ALT0" BallNumber="C1" BallName="DISP0_DAT21" PowerGroup="IPU_LCD" Signal="IPU_DISP0_DAT[21]" IsExcluded="false" />
    <AltMode Name="ALT0" BallNumber="E3" BallName="DISP0_DAT22" PowerGroup="IPU_LCD" Signal="IPU_DISP0_DAT[22]" IsExcluded="false" />
    <AltMode Name="ALT0" BallNumber="C3" BallName="DISP0_DAT23" PowerGroup="IPU_LCD" Signal="IPU_DISP0_DAT[23]" IsExcluded="false" />
    <AltMode Name="ALT0" BallNumber="F1" BallName="DISP0_DAT3" PowerGroup="IPU_LCD" Signal="IPU_DISP0_DAT[3]" IsExcluded="false" />
    <AltMode Name="ALT0" BallNumber="G2" BallName="DISP0_DAT4" PowerGroup="IPU_LCD" Signal="IPU_DISP0_DAT[4]" IsExcluded="false" />
    <AltMode Name="ALT0" BallNumber="H3" BallName="DISP0_DAT5" PowerGroup="IPU_LCD" Signal="IPU_DISP0_DAT[5]" IsExcluded="false" />
    <AltMode Name="ALT0" BallNumber="G1" BallName="DISP0_DAT6" PowerGroup="IPU_LCD" Signal="IPU_DISP0_DAT[6]" IsExcluded="false" />
    <AltMode Name="ALT0" BallNumber="H6" BallName="DISP0_DAT7" PowerGroup="IPU_LCD" Signal="IPU_DISP0_DAT[7]" IsExcluded="false" />
    <AltMode Name="ALT0" BallNumber="G6" BallName="DISP0_DAT8" PowerGroup="IPU_LCD" Signal="IPU_DISP0_DAT[8]" IsExcluded="false" />
    <AltMode Name="ALT0" BallNumber="E2" BallName="DISP0_DAT9" PowerGroup="IPU_LCD" Signal="IPU_DISP0_DAT[9]" IsExcluded="false" />
    <AltMode Name="ALT3" BallNumber="V3" BallName="EIM_D21" PowerGroup="WEIM_SEC" Signal="IPU_DISPB0_SER_CLK" IsExcluded="false" />
    <AltMode Name="ALT3" BallNumber="W2" BallName="EIM_D22" PowerGroup="WEIM_SEC" Signal="IPU_DISPB0_SER_DIN" IsExcluded="false" />
    <AltMode Name="ALT3" BallNumber="AA1" BallName="EIM_D28" PowerGroup="WEIM_SEC" Signal="IPU_DISPB0_SER_DIO" IsExcluded="false" />
    <AltMode Name="ALT3" BallNumber="AA2" BallName="EIM_D29" PowerGroup="WEIM_SEC" Signal="IPU_DISPB0_SER_RS" IsExcluded="false" />
    <AltMode Name="ALT3" BallNumber="W1" BallName="EIM_D20" PowerGroup="WEIM_SEC" Signal="IPU_SER_DISP0_CS" IsExcluded="false" />
  </Peripheral>
  <Peripheral Name="LDB" IsExcluded="false">
    <AltMode Name="ALT1" BallNumber="AB16" BallName="LVDS0_CLK_N" PowerGroup="LVDS0" Signal="LDB_LVDS0_CLK_N" IsExcluded="false" />
    <AltMode Name="ALT1" BallNumber="AC16" BallName="LVDS0_CLK_P" PowerGroup="LVDS0" Signal="LDB_LVDS0_CLK_P" IsExcluded="false" />
    <AltMode Name="ALT1" BallNumber="Y17" BallName="LVDS0_TX0_N" PowerGroup="LVDS0" Signal="LDB_LVDS0_TX0_N" IsExcluded="false" />
    <AltMode Name="ALT1" BallNumber="AA17" BallName="LVDS0_TX0_P" PowerGroup="LVDS0" Signal="LDB_LVDS0_TX0_P" IsExcluded="false" />
    <AltMode Name="ALT1" BallNumber="AB17" BallName="LVDS0_TX1_N" PowerGroup="LVDS0" Signal="LDB_LVDS0_TX1_N" IsExcluded="false" />
    <AltMode Name="ALT1" BallNumber="AC17" BallName="LVDS0_TX1_P" PowerGroup="LVDS0" Signal="LDB_LVDS0_TX1_P" IsExcluded="false" />
    <AltMode Name="ALT1" BallNumber="Y16" BallName="LVDS0_TX2_N" PowerGroup="LVDS0" Signal="LDB_LVDS0_TX2_N" IsExcluded="false" />
    <AltMode Name="ALT1" BallNumber="AA16" BallName="LVDS0_TX2_P" PowerGroup="LVDS0" Signal="LDB_LVDS0_TX2_P" IsExcluded="false" />
  </Peripheral>
  <Peripheral Name="PWM2" IsExcluded="false">
    <AltMode Name="ALT4" BallNumber="B7" BallName="GPIO_1" PowerGroup="GPIO" Signal="PWM2_PWMO" IsExcluded="false" />
  </Peripheral>
  <Peripheral Name="SJC" IsExcluded="false">
    <AltMode Name="ALT0" BallNumber="C9" BallName="JTAG_MOD" PowerGroup="JTAG" Signal="SJC_MOD" IsExcluded="false" />
    <AltMode Name="ALT0" BallNumber="D9" BallName="JTAG_TCK" PowerGroup="JTAG" Signal="SJC_TCK" IsExcluded="false" />
    <AltMode Name="ALT0" BallNumber="B8" BallName="JTAG_TDI" PowerGroup="JTAG" Signal="SJC_TDI" IsExcluded="false" />
    <AltMode Name="ALT0" BallNumber="A7" BallName="JTAG_TDO" PowerGroup="JTAG" Signal="SJC_TDO" IsExcluded="false" />
    <AltMode Name="ALT0" BallNumber="A8" BallName="JTAG_TMS" PowerGroup="JTAG" Signal="SJC_TMS" IsExcluded="false" />
    <AltMode Name="ALT0" BallNumber="E9" BallName="JTAG_TRSTB" PowerGroup="JTAG" Signal="SJC_TRSTB" IsExcluded="false" />
  </Peripheral>
  <Peripheral Name="SPDIF" IsExcluded="false">
    <AltMode Name="ALT5" BallNumber="A3" BallName="GPIO_17" PowerGroup="GPIO" Signal="SPDIF_OUT1" IsExcluded="false" />
  </Peripheral>
  <Peripheral Name="SRC" IsExcluded="false">
    <AltMode Name="ALT0" BallNumber="C18" BallName="BOOT_MODE0" PowerGroup="RESET" Signal="SRC_BOOT_MODE[0]" IsExcluded="false" />
    <AltMode Name="ALT0" BallNumber="B20" BallName="BOOT_MODE1" PowerGroup="RESET" Signal="SRC_BOOT_MODE[1]" IsExcluded="false" />
    <AltMode Name="ALT7" BallNumber="AA6" BallName="EIM_LBA" PowerGroup="WEIM_MAIN" Signal="SRC_BT_CFG1[0]" IsExcluded="false" />
    <AltMode Name="ALT7" BallNumber="AA5" BallName="EIM_A16" PowerGroup="WEIM_MAIN" Signal="SRC_BT_CFG1[1]" IsExcluded="false" />
    <AltMode Name="ALT7" BallNumber="AB3" BallName="EIM_A18" PowerGroup="WEIM_MAIN" Signal="SRC_BT_CFG1[3]" IsExcluded="false" />
    <AltMode Name="ALT7" BallNumber="W7" BallName="EIM_A19" PowerGroup="WEIM_MAIN" Signal="SRC_BT_CFG1[4]" IsExcluded="false" />
    <AltMode Name="ALT7" BallNumber="Y6" BallName="EIM_A20" PowerGroup="WEIM_MAIN" Signal="SRC_BT_CFG1[5]" IsExcluded="false" />
    <AltMode Name="ALT7" BallNumber="AA4" BallName="EIM_A21" PowerGroup="WEIM_MAIN" Signal="SRC_BT_CFG1[6]" IsExcluded="false" />
    <AltMode Name="ALT7" BallNumber="AA3" BallName="EIM_A22" PowerGroup="WEIM_MAIN" Signal="SRC_BT_CFG1[7]" IsExcluded="false" />
    <AltMode Name="ALT7" BallNumber="AA7" BallName="EIM_DA2" PowerGroup="WEIM_MAIN" Signal="SRC_BT_CFG2[3]" IsExcluded="false" />
    <AltMode Name="ALT7" BallNumber="AC4" BallName="EIM_DA1" PowerGroup="WEIM_MAIN" Signal="SRC_BT_CFG2[4]" IsExcluded="false" />
    <AltMode Name="ALT7" BallNumber="Y8" BallName="EIM_DA0" PowerGroup="WEIM_MAIN" Signal="SRC_BT_CFG2[5]" IsExcluded="false" />
    <AltMode Name="ALT7" BallNumber="AB5" BallName="EIM_EB1" PowerGroup="WEIM_MAIN" Signal="SRC_BT_CFG2[6]" IsExcluded="false" />
    <AltMode Name="ALT7" BallNumber="AC3" BallName="EIM_EB0" PowerGroup="WEIM_MAIN" Signal="SRC_BT_CFG2[7]" IsExcluded="false" />
    <AltMode Name="ALT7" BallNumber="AA8" BallName="EIM_DA8" PowerGroup="WEIM_MAIN" Signal="SRC_BT_CFG3[3]" IsExcluded="false" />
    <AltMode Name="ALT7" BallNumber="AC5" BallName="EIM_DA7" PowerGroup="WEIM_MAIN" Signal="SRC_BT_CFG3[4]" IsExcluded="false" />
    <AltMode Name="ALT7" BallNumber="Y9" BallName="EIM_DA6" PowerGroup="WEIM_MAIN" Signal="SRC_BT_CFG3[5]" IsExcluded="false" />
    <AltMode Name="ALT0" BallNumber="C19" BallName="POR_B" PowerGroup="RESET" Signal="SRC_POR_B" IsExcluded="false" />
    <AltMode Name="ALT0" BallNumber="A21" BallName="RESET_IN_B" PowerGroup="RESET" Signal="SRC_RESET_B" IsExcluded="false" />
  </Peripheral>
  <Peripheral Name="SRTC" IsExcluded="false">
    <AltMode Name="ALT0" BallNumber="W14" BallName="PMIC_ON_REQ" PowerGroup="SRTC" Signal="SRTC_SRTCALARM" IsExcluded="false" />
  </Peripheral>
  <Peripheral Name="TCU" IsExcluded="false">
    <AltMode Name="ALT0" BallNumber="D17" BallName="TEST_MODE" PowerGroup="RESET" Signal="TCU_TEST_MODE" IsExcluded="false" />
  </Peripheral>
  <Peripheral Name="UART1" IsExcluded="false">
    <AltMode Name="ALT2" BallNumber="T2" BallName="CSI0_DAT11" PowerGroup="IPU_CSI" Signal="UART1_RXD_MUX" IsExcluded="false" />
    <AltMode Name="ALT2" BallNumber="R5" BallName="CSI0_DAT10" PowerGroup="IPU_CSI" Signal="UART1_TXD_MUX" IsExcluded="false" />
  </Peripheral>
  <Peripheral Name="WDOG1" IsExcluded="false">
    <AltMode Name="ALT5" BallNumber="E8" BallName="GPIO_9" PowerGroup="GPIO" Signal="WDOG1_WDOG_B" IsExcluded="false" />
  </Peripheral>
  <VoltageSetting Name="CKIH" Voltage="1.8" />
  <VoltageSetting Name="DRAM" Voltage="1.5" />
  <VoltageSetting Name="FEC" Voltage="3.3" />
  <VoltageSetting Name="GPIO" Voltage="3.3" />
  <VoltageSetting Name="IPU_CSI" Voltage="1.8" />
  <VoltageSetting Name="IPU_LCD" Voltage="2.775" />
  <VoltageSetting Name="JTAG" Voltage="1.8" />
  <VoltageSetting Name="KEYPAD" Voltage="3.3" />
  <VoltageSetting Name="LVDS0" Voltage="2.5" />
  <VoltageSetting Name="LVDS1" Voltage="2.5" />
  <VoltageSetting Name="NANDF" Voltage="1.8" />
  <VoltageSetting Name="PATA" Voltage="3.3" />
  <VoltageSetting Name="RESET" Voltage="1.8" />
  <VoltageSetting Name="SD1" Voltage="3.3" />
  <VoltageSetting Name="SD2" Voltage="3.3" />
  <VoltageSetting Name="SRTC" Voltage="1.3" />
  <VoltageSetting Name="TVDAC" Voltage="2.75" />
  <VoltageSetting Name="WEIM_MAIN" Voltage="3.3" />
  <VoltageSetting Name="WEIM_SEC" Voltage="3.3" />
</PinMuxDesign>